desc_length,word_count,is_remote,has_education_info,has_experience_info,location,final_category
377,55,0,1,0,autre,MANAGEMENT_DIRECTION
300,44,0,1,0,autre,MANAGEMENT_DIRECTION
312,41,0,1,0,autre,MANAGEMENT_DIRECTION
324,45,0,1,0,casablanca,COMPTABILITE_FINANCE
367,48,0,1,0,casablanca,ADMINISTRATIF_SUPPORT
261,31,0,0,1,casablanca,MANAGEMENT_DIRECTION
365,50,0,0,0,casablanca,IT_DEVELOPPEMENT
421,54,0,1,1,rabat,ADMINISTRATIF_SUPPORT
270,38,0,1,0,agadir,LOGISTIQUE_TRANSPORT
403,53,0,1,1,casablanca,RESSOURCES_HUMAINES
373,49,0,0,0,autre,PRODUCTION_INDUSTRIE
387,53,0,1,0,autre,PRODUCTION_INDUSTRIE
366,47,0,1,1,autre,DATA_IA
360,46,0,1,1,autre,INGENIERIE
403,57,0,1,1,autre,DATA_IA
308,40,0,1,0,casablanca,IT_DEVELOPPEMENT
442,67,0,1,1,casablanca,PRODUCTION_INDUSTRIE
506,66,0,0,1,casablanca,DATA_IA
370,52,0,1,0,casablanca,DATA_IA
404,53,0,1,1,casablanca,ADMINISTRATIF_SUPPORT
319,44,0,1,0,casablanca,COMMERCIAL_VENTE
384,53,0,1,0,autre,MANAGEMENT_DIRECTION
323,48,0,1,0,autre,LOGISTIQUE_TRANSPORT
355,48,0,1,1,rabat,IT_DEVELOPPEMENT
355,50,0,1,0,casablanca,PRODUCTION_INDUSTRIE
366,42,0,0,0,autre,DATA_IA
332,45,0,1,0,marrakech,COMPTABILITE_FINANCE
378,56,0,1,0,rabat,IT_DEVELOPPEMENT
443,58,0,1,1,casablanca,DATA_IA
331,45,0,1,1,agadir,LOGISTIQUE_TRANSPORT
305,45,0,1,0,casablanca,IT_DEVELOPPEMENT
381,53,0,0,1,tanger,COMMERCIAL_VENTE
407,55,0,0,0,casablanca,DATA_IA
330,47,0,1,0,agadir,COMPTABILITE_FINANCE
416,54,0,1,0,casablanca,MANAGEMENT_DIRECTION
428,62,0,0,0,casablanca,LOGISTIQUE_TRANSPORT
379,48,0,1,1,casablanca,COMPTABILITE_FINANCE
416,53,0,1,1,casablanca,MANAGEMENT_DIRECTION
372,46,0,1,1,casablanca,COMPTABILITE_FINANCE
303,39,0,0,0,casablanca,DATA_IA
430,57,0,1,1,casablanca,DATA_IA
386,47,0,1,0,casablanca,DATA_IA
376,52,0,0,1,casablanca,PRODUCTION_INDUSTRIE
428,64,0,1,0,casablanca,COMPTABILITE_FINANCE
355,48,0,1,1,casablanca,ADMINISTRATIF_SUPPORT
383,49,0,1,0,casablanca,COMPTABILITE_FINANCE
401,51,0,1,0,autre,DATA_IA
421,59,0,0,1,casablanca,IT_DEVELOPPEMENT
362,50,0,1,0,rabat,COMMERCIAL_VENTE
365,51,0,1,0,rabat,COMMERCIAL_VENTE
301,40,0,0,0,casablanca,MANAGEMENT_DIRECTION
468,60,0,1,0,casablanca,DATA_IA
377,55,0,1,0,casablanca,MANAGEMENT_DIRECTION
451,69,0,1,1,autre,DATA_IA
442,61,0,1,0,autre,MANAGEMENT_DIRECTION
439,55,0,1,0,autre,RESSOURCES_HUMAINES
383,51,0,1,0,casablanca,RESSOURCES_HUMAINES
328,49,0,0,0,autre,LOGISTIQUE_TRANSPORT
355,50,0,1,1,casablanca,IT_DEVELOPPEMENT
411,64,0,1,0,casablanca,COMPTABILITE_FINANCE
386,53,0,1,0,casablanca,ADMINISTRATIF_SUPPORT
485,62,0,1,1,casablanca,COMPTABILITE_FINANCE
571,77,0,1,1,casablanca,COMMERCIAL_VENTE
358,46,0,1,0,autre,RESSOURCES_HUMAINES
371,51,0,1,1,autre,INGENIERIE
371,51,0,1,0,casablanca,PRODUCTION_INDUSTRIE
312,42,0,1,0,casablanca,PRODUCTION_INDUSTRIE
382,52,0,0,0,autre,ADMINISTRATIF_SUPPORT
366,51,0,1,1,casablanca,DATA_IA
369,49,0,1,1,autre,DATA_IA
404,56,0,1,0,autre,IT_DEVELOPPEMENT
360,53,0,1,0,autre,DATA_IA
405,55,0,0,0,autre,PRODUCTION_INDUSTRIE
351,48,0,0,1,autre,PRODUCTION_INDUSTRIE
405,57,0,1,0,autre,MANAGEMENT_DIRECTION
389,56,0,0,0,autre,PRODUCTION_INDUSTRIE
386,50,0,1,1,autre,DATA_IA
336,52,0,1,0,rabat,RESSOURCES_HUMAINES
462,63,0,0,0,rabat,RESSOURCES_HUMAINES
463,60,0,1,0,casablanca,COMMERCIAL_VENTE
454,66,0,1,0,autre,IT_DEVELOPPEMENT
395,58,0,1,0,casablanca,ADMINISTRATIF_SUPPORT
375,45,0,0,0,casablanca,COMMERCIAL_VENTE
393,59,0,0,1,casablanca,IT_DEVELOPPEMENT
352,49,0,1,0,autre,INGENIERIE
372,58,0,1,0,autre,INGENIERIE
344,46,0,1,1,casablanca,MANAGEMENT_DIRECTION
375,57,0,1,0,autre,IT_DEVELOPPEMENT
315,49,0,1,0,tanger,DATA_IA
357,54,0,1,1,rabat,DATA_IA
391,52,0,1,1,autre,IT_DEVELOPPEMENT
426,58,0,1,0,autre,COMPTABILITE_FINANCE
354,55,0,1,0,casablanca,PRODUCTION_INDUSTRIE
358,54,0,1,0,casablanca,INGENIERIE
515,69,0,1,0,autre,IT_DEVELOPPEMENT
398,54,0,1,0,autre,MANAGEMENT_DIRECTION
407,57,0,1,1,rabat,DATA_IA
344,52,0,1,0,casablanca,DATA_IA
331,50,0,1,0,autre,RESSOURCES_HUMAINES
400,55,0,1,0,casablanca,MANAGEMENT_DIRECTION
349,47,0,1,0,marrakech,COMMERCIAL_VENTE
376,56,0,1,0,autre,MANAGEMENT_DIRECTION
429,54,0,1,0,casablanca,MANAGEMENT_DIRECTION
416,52,0,1,1,casablanca,LOGISTIQUE_TRANSPORT
376,53,0,0,1,autre,COMMERCIAL_VENTE
355,47,0,1,0,casablanca,LOGISTIQUE_TRANSPORT
382,51,1,0,0,casablanca,DATA_IA
374,54,0,0,0,autre,DATA_IA
341,44,0,1,0,autre,DATA_IA
395,47,0,1,1,casablanca,PRODUCTION_INDUSTRIE
335,45,0,1,0,casablanca,COMPTABILITE_FINANCE
342,44,0,1,1,casablanca,ADMINISTRATIF_SUPPORT
381,50,0,1,0,casablanca,DATA_IA
445,60,0,1,1,casablanca,COMPTABILITE_FINANCE
398,61,0,1,0,rabat,PRODUCTION_INDUSTRIE
380,56,0,0,0,autre,DATA_IA
362,53,0,0,0,autre,MANAGEMENT_DIRECTION
370,50,0,1,0,autre,PRODUCTION_INDUSTRIE
429,56,0,1,0,casablanca,MANAGEMENT_DIRECTION
361,46,0,1,0,autre,PRODUCTION_INDUSTRIE
412,65,0,1,0,autre,MANAGEMENT_DIRECTION
372,54,0,1,0,autre,PRODUCTION_INDUSTRIE
395,61,0,1,0,autre,MANAGEMENT_DIRECTION
389,48,0,0,1,casablanca,ADMINISTRATIF_SUPPORT
432,62,0,1,1,autre,PRODUCTION_INDUSTRIE
380,54,0,1,0,autre,MANAGEMENT_DIRECTION
441,61,0,1,0,autre,PRODUCTION_INDUSTRIE
380,49,0,0,0,autre,MANAGEMENT_DIRECTION
422,54,0,0,0,casablanca,DATA_IA
443,61,0,0,0,casablanca,COMMERCIAL_VENTE
377,55,0,1,0,casablanca,MANAGEMENT_DIRECTION
421,60,0,1,0,marrakech,MANAGEMENT_DIRECTION
360,49,1,0,0,casablanca,DATA_IA
459,57,0,0,0,rabat,MARKETING_COM
401,48,0,1,0,rabat,ADMINISTRATIF_SUPPORT
392,51,0,1,1,rabat,DATA_IA
382,49,0,1,1,rabat,MANAGEMENT_DIRECTION
304,36,0,1,0,casablanca,LOGISTIQUE_TRANSPORT
492,63,0,0,1,autre,IT_DEVELOPPEMENT
377,51,0,1,1,autre,IT_DEVELOPPEMENT
339,48,0,1,1,casablanca,DATA_IA
399,55,0,0,0,rabat,DATA_IA
429,58,0,1,0,agadir,COMMERCIAL_VENTE
428,60,0,1,0,autre,MANAGEMENT_DIRECTION
361,44,0,0,0,casablanca,DATA_IA
365,56,0,1,0,autre,PRODUCTION_INDUSTRIE
404,54,0,1,0,autre,ADMINISTRATIF_SUPPORT
374,53,0,1,0,casablanca,DATA_IA
328,51,0,1,0,autre,PRODUCTION_INDUSTRIE
418,54,0,1,0,rabat,DATA_IA
360,54,0,1,0,rabat,IT_DEVELOPPEMENT
366,48,0,0,0,autre,COMMERCIAL_VENTE
419,56,0,1,1,casablanca,ADMINISTRATIF_SUPPORT
357,52,0,1,1,casablanca,DATA_IA
391,53,0,1,1,casablanca,IT_DEVELOPPEMENT
386,55,0,1,0,autre,ADMINISTRATIF_SUPPORT
342,45,0,1,1,casablanca,MANAGEMENT_DIRECTION
392,53,0,1,0,autre,PRODUCTION_INDUSTRIE
459,63,0,1,0,casablanca,PRODUCTION_INDUSTRIE
498,65,0,1,1,casablanca,PRODUCTION_INDUSTRIE
371,49,1,0,0,casablanca,DATA_IA
402,55,0,1,1,rabat,RESSOURCES_HUMAINES
382,55,0,1,0,rabat,COMMERCIAL_VENTE
457,63,0,0,1,casablanca,COMPTABILITE_FINANCE
467,74,0,1,0,rabat,DATA_IA
345,50,0,0,1,rabat,COMPTABILITE_FINANCE
404,54,0,1,1,casablanca,COMMERCIAL_VENTE
334,49,0,0,0,casablanca,DATA_IA
378,50,0,1,0,autre,DATA_IA
398,55,0,0,1,tanger,RESSOURCES_HUMAINES
455,59,0,0,0,rabat,DATA_IA
464,59,0,1,0,casablanca,PRODUCTION_INDUSTRIE
386,53,0,1,0,casablanca,DATA_IA
444,62,0,1,0,casablanca,PRODUCTION_INDUSTRIE
484,69,0,1,1,casablanca,INGENIERIE
434,62,0,0,0,casablanca,MANAGEMENT_DIRECTION
374,53,0,1,1,casablanca,DATA_IA
440,64,0,0,1,casablanca,IT_DEVELOPPEMENT
357,51,0,1,0,agadir,MANAGEMENT_DIRECTION
442,64,0,1,0,autre,COMMERCIAL_VENTE
405,56,0,0,0,autre,COMMERCIAL_VENTE
383,51,0,0,1,autre,COMMERCIAL_VENTE
355,48,0,0,0,autre,IT_DEVELOPPEMENT
426,60,0,0,0,autre,COMMERCIAL_VENTE
376,47,0,0,1,autre,COMMERCIAL_VENTE
465,60,0,0,0,casablanca,DATA_IA
402,57,0,0,0,casablanca,DATA_IA
373,53,0,1,0,autre,MANAGEMENT_DIRECTION
354,48,0,0,0,autre,COMMERCIAL_VENTE
393,51,0,0,0,autre,COMMERCIAL_VENTE
297,43,0,0,0,autre,COMMERCIAL_VENTE
365,53,0,0,0,rabat,COMMERCIAL_VENTE
481,65,0,1,0,casablanca,DATA_IA
415,58,0,0,0,autre,MANAGEMENT_DIRECTION
344,47,0,1,0,tanger,DATA_IA
305,40,0,1,0,tanger,DATA_IA
419,60,0,0,0,casablanca,COMMERCIAL_VENTE
379,47,0,0,1,casablanca,COMPTABILITE_FINANCE
341,48,0,0,0,casablanca,MANAGEMENT_DIRECTION
359,54,0,0,1,rabat,COMPTABILITE_FINANCE
499,67,0,1,1,autre,DATA_IA
303,38,0,0,0,rabat,PRODUCTION_INDUSTRIE
432,62,0,0,0,rabat,MANAGEMENT_DIRECTION
337,45,0,0,0,rabat,DATA_IA
418,52,0,1,1,agadir,PRODUCTION_INDUSTRIE
346,50,0,1,0,rabat,RESSOURCES_HUMAINES
386,50,0,0,1,casablanca,ADMINISTRATIF_SUPPORT
359,51,0,1,0,marrakech,DATA_IA
360,49,0,0,0,rabat,MANAGEMENT_DIRECTION
450,61,0,0,0,autre,MANAGEMENT_DIRECTION
421,57,0,0,0,autre,MANAGEMENT_DIRECTION
391,51,0,0,0,autre,MANAGEMENT_DIRECTION
366,53,0,0,0,agadir,MANAGEMENT_DIRECTION
419,56,0,0,0,casablanca,MANAGEMENT_DIRECTION
406,59,0,1,1,autre,DATA_IA
376,51,0,1,0,casablanca,DATA_IA
367,48,0,1,0,rabat,IT_DEVELOPPEMENT
477,63,0,0,1,casablanca,IT_DEVELOPPEMENT
393,56,0,1,0,autre,COMMERCIAL_VENTE
361,50,0,1,1,casablanca,IT_DEVELOPPEMENT
354,48,0,1,0,casablanca,INGENIERIE
365,54,0,1,0,autre,MANAGEMENT_DIRECTION
411,61,0,1,0,autre,MANAGEMENT_DIRECTION
419,62,0,1,0,casablanca,COMMERCIAL_VENTE
413,61,0,1,0,casablanca,DATA_IA
327,45,0,1,1,marrakech,LOGISTIQUE_TRANSPORT
352,47,0,1,0,casablanca,ADMINISTRATIF_SUPPORT
357,45,0,1,0,casablanca,INGENIERIE
365,54,0,1,0,casablanca,RESSOURCES_HUMAINES
340,48,0,0,0,casablanca,DATA_IA
418,55,0,1,1,casablanca,ADMINISTRATIF_SUPPORT
389,51,0,1,0,rabat,DATA_IA
548,76,0,0,1,casablanca,MANAGEMENT_DIRECTION
393,54,0,1,1,casablanca,COMPTABILITE_FINANCE
412,53,0,0,0,casablanca,DATA_IA
374,48,0,1,0,casablanca,DATA_IA
467,68,0,1,1,rabat,INGENIERIE
383,55,0,1,1,rabat,MANAGEMENT_DIRECTION
374,54,0,1,0,casablanca,MANAGEMENT_DIRECTION
412,54,0,1,0,casablanca,DATA_IA
364,47,0,0,0,marrakech,COMMERCIAL_VENTE
290,36,0,0,1,casablanca,COMPTABILITE_FINANCE
334,48,0,0,0,casablanca,COMMERCIAL_VENTE
371,55,0,0,0,autre,COMMERCIAL_VENTE
396,56,0,1,1,casablanca,MANAGEMENT_DIRECTION
454,65,0,1,0,casablanca,DATA_IA
420,56,0,1,1,casablanca,COMPTABILITE_FINANCE
337,49,0,1,0,casablanca,RESSOURCES_HUMAINES
418,58,0,1,0,autre,RESSOURCES_HUMAINES
431,56,0,1,0,casablanca,COMPTABILITE_FINANCE
474,63,0,1,1,autre,DATA_IA
406,59,0,1,0,casablanca,PRODUCTION_INDUSTRIE
438,58,0,1,0,autre,INGENIERIE
479,67,0,1,0,rabat,IT_DEVELOPPEMENT
450,68,0,1,0,casablanca,DATA_IA
403,55,0,1,1,casablanca,INGENIERIE
472,70,0,1,0,casablanca,IT_DEVELOPPEMENT
336,46,0,0,0,casablanca,LOGISTIQUE_TRANSPORT
353,46,0,0,0,casablanca,DATA_IA
341,44,0,1,0,casablanca,ADMINISTRATIF_SUPPORT
391,49,0,0,1,casablanca,COMMERCIAL_VENTE
342,45,0,0,0,casablanca,COMMERCIAL_VENTE
316,45,0,1,0,casablanca,DATA_IA
425,62,0,1,0,autre,PRODUCTION_INDUSTRIE
409,60,0,1,0,casablanca,MANAGEMENT_DIRECTION
377,57,0,0,0,casablanca,MARKETING_COM
343,49,0,0,0,casablanca,IT_DEVELOPPEMENT
395,52,0,1,1,casablanca,IT_DEVELOPPEMENT
326,40,0,0,0,casablanca,DATA_IA
456,65,0,1,0,casablanca,MANAGEMENT_DIRECTION
319,42,0,0,0,autre,IT_DEVELOPPEMENT
459,67,0,0,1,autre,IT_DEVELOPPEMENT
401,57,0,1,0,autre,IT_DEVELOPPEMENT
364,49,0,1,0,autre,INGENIERIE
421,63,0,1,0,autre,PRODUCTION_INDUSTRIE
342,43,0,1,1,casablanca,ADMINISTRATIF_SUPPORT
360,47,0,1,1,casablanca,COMMERCIAL_VENTE
364,53,0,0,0,casablanca,MANAGEMENT_DIRECTION
365,47,0,1,0,autre,PRODUCTION_INDUSTRIE
382,53,0,0,0,casablanca,DATA_IA
421,58,0,0,0,casablanca,DATA_IA
402,58,0,0,0,rabat,RESSOURCES_HUMAINES
333,44,0,0,0,casablanca,IT_DEVELOPPEMENT
350,46,1,0,0,casablanca,DATA_IA
343,43,0,0,1,casablanca,IT_DEVELOPPEMENT
418,56,0,1,1,casablanca,INGENIERIE
404,54,0,0,1,casablanca,IT_DEVELOPPEMENT
391,54,0,0,0,casablanca,COMMERCIAL_VENTE
364,54,0,1,1,rabat,LOGISTIQUE_TRANSPORT
290,39,0,0,0,casablanca,COMMERCIAL_VENTE
324,41,0,1,1,rabat,IT_DEVELOPPEMENT
373,54,0,1,1,autre,DATA_IA
338,43,0,0,0,casablanca,COMMERCIAL_VENTE
435,62,0,1,0,autre,MANAGEMENT_DIRECTION
420,56,0,0,0,autre,DATA_IA
368,53,0,0,1,casablanca,LOGISTIQUE_TRANSPORT
379,48,0,1,0,rabat,ADMINISTRATIF_SUPPORT
381,48,0,1,1,casablanca,COMMERCIAL_VENTE
383,55,0,1,0,casablanca,DATA_IA
416,55,0,1,0,autre,DATA_IA
409,56,0,1,1,casablanca,MANAGEMENT_DIRECTION
404,52,0,1,1,tanger,MANAGEMENT_DIRECTION
366,46,0,1,1,tanger,DATA_IA
349,51,0,1,0,casablanca,COMMERCIAL_VENTE
389,56,0,0,0,autre,DATA_IA
375,51,0,0,1,casablanca,COMMERCIAL_VENTE
294,37,0,1,0,rabat,RESSOURCES_HUMAINES
412,57,0,0,0,rabat,DATA_IA
358,49,0,1,0,casablanca,COMMERCIAL_VENTE
388,49,0,0,0,casablanca,MANAGEMENT_DIRECTION
409,56,0,1,1,tanger,COMPTABILITE_FINANCE
341,45,0,0,0,casablanca,DATA_IA
304,47,0,1,0,autre,RESSOURCES_HUMAINES
314,40,0,1,0,casablanca,PRODUCTION_INDUSTRIE
475,66,0,0,0,autre,PRODUCTION_INDUSTRIE
384,55,0,1,0,casablanca,DATA_IA
409,57,0,0,0,rabat,DATA_IA
528,70,0,1,0,rabat,MANAGEMENT_DIRECTION
343,47,0,1,1,rabat,DATA_IA
417,60,0,0,1,rabat,DATA_IA
413,62,0,0,1,rabat,DATA_IA
323,43,0,1,0,rabat,MARKETING_COM
454,62,0,0,1,casablanca,ADMINISTRATIF_SUPPORT
369,47,0,1,1,casablanca,COMPTABILITE_FINANCE
433,65,0,0,0,casablanca,IT_DEVELOPPEMENT
386,51,0,1,0,rabat,MARKETING_COM
354,49,0,1,1,casablanca,MANAGEMENT_DIRECTION
425,61,0,1,0,casablanca,PRODUCTION_INDUSTRIE
488,69,0,1,1,casablanca,IT_DEVELOPPEMENT
466,63,0,1,0,casablanca,IT_DEVELOPPEMENT
406,51,1,0,0,casablanca,DATA_IA
408,62,0,1,0,casablanca,MANAGEMENT_DIRECTION
360,46,0,1,0,casablanca,INGENIERIE
387,48,0,1,0,casablanca,INGENIERIE
312,44,0,1,0,casablanca,RESSOURCES_HUMAINES
404,55,0,0,0,casablanca,MANAGEMENT_DIRECTION
424,56,0,1,1,autre,COMPTABILITE_FINANCE
360,52,0,1,1,autre,MANAGEMENT_DIRECTION
449,67,0,1,1,autre,DATA_IA
336,53,0,1,1,casablanca,RESSOURCES_HUMAINES
375,50,0,1,0,rabat,IT_DEVELOPPEMENT
444,53,0,1,0,autre,INGENIERIE
362,46,0,1,1,autre,LOGISTIQUE_TRANSPORT
357,49,0,0,0,marrakech,DATA_IA
343,49,0,1,1,rabat,DATA_IA
315,42,0,1,0,casablanca,MANAGEMENT_DIRECTION
427,59,0,0,0,tanger,PRODUCTION_INDUSTRIE
404,55,0,1,0,rabat,MARKETING_COM
401,58,0,0,0,rabat,ADMINISTRATIF_SUPPORT
334,38,0,1,0,rabat,MANAGEMENT_DIRECTION
356,47,0,0,1,rabat,IT_DEVELOPPEMENT
432,66,0,1,1,rabat,IT_DEVELOPPEMENT
359,51,0,0,1,autre,PRODUCTION_INDUSTRIE
419,56,0,0,1,rabat,COMPTABILITE_FINANCE
347,49,0,1,0,marrakech,PRODUCTION_INDUSTRIE
389,52,0,1,1,casablanca,COMPTABILITE_FINANCE
400,50,0,1,1,casablanca,MANAGEMENT_DIRECTION
452,63,0,0,1,casablanca,DATA_IA
390,53,0,0,1,marrakech,DATA_IA
425,56,0,0,0,casablanca,MANAGEMENT_DIRECTION
425,59,0,0,1,casablanca,COMPTABILITE_FINANCE
430,57,0,0,1,tanger,MANAGEMENT_DIRECTION
487,66,0,1,1,casablanca,COMMERCIAL_VENTE
407,56,0,1,1,autre,LOGISTIQUE_TRANSPORT
276,35,0,1,0,autre,DATA_IA
340,47,0,1,1,casablanca,COMPTABILITE_FINANCE
369,53,0,0,1,casablanca,ADMINISTRATIF_SUPPORT
475,61,0,0,1,casablanca,MANAGEMENT_DIRECTION
467,58,0,0,0,casablanca,ADMINISTRATIF_SUPPORT
416,51,0,0,0,rabat,ADMINISTRATIF_SUPPORT
408,59,0,0,0,autre,DATA_IA
373,47,0,0,1,casablanca,MANAGEMENT_DIRECTION
450,64,0,0,1,casablanca,DATA_IA
425,54,0,0,0,rabat,PRODUCTION_INDUSTRIE
441,56,0,1,1,rabat,PRODUCTION_INDUSTRIE
338,44,0,1,1,rabat,MARKETING_COM
368,57,0,1,0,rabat,DATA_IA
373,57,0,1,0,casablanca,MARKETING_COM
389,56,0,0,0,casablanca,COMMERCIAL_VENTE
353,48,0,1,0,rabat,MARKETING_COM
300,40,0,1,1,rabat,INGENIERIE
372,52,0,1,0,rabat,DATA_IA
278,39,0,1,1,rabat,INGENIERIE
338,49,0,1,0,rabat,DATA_IA
448,61,0,0,0,tanger,MANAGEMENT_DIRECTION
375,48,0,0,0,casablanca,DATA_IA
233,25,0,0,0,casablanca,MANAGEMENT_DIRECTION
339,44,0,1,0,casablanca,ADMINISTRATIF_SUPPORT
399,55,0,0,0,casablanca,ADMINISTRATIF_SUPPORT
377,49,0,1,0,agadir,COMPTABILITE_FINANCE
372,50,0,1,0,casablanca,ADMINISTRATIF_SUPPORT
400,52,0,1,0,casablanca,IT_DEVELOPPEMENT
407,63,0,0,1,casablanca,MANAGEMENT_DIRECTION
429,55,0,1,1,casablanca,INGENIERIE
387,52,0,1,0,autre,DATA_IA
399,54,0,1,0,casablanca,COMMERCIAL_VENTE
428,58,0,1,0,autre,MANAGEMENT_DIRECTION
305,41,0,1,1,casablanca,DATA_IA
320,44,0,0,0,casablanca,COMPTABILITE_FINANCE
379,50,0,0,0,casablanca,DATA_IA
431,60,0,1,1,casablanca,IT_DEVELOPPEMENT
433,53,0,1,1,casablanca,DATA_IA
365,53,0,1,0,marrakech,MANAGEMENT_DIRECTION
438,59,0,1,0,casablanca,MARKETING_COM
360,49,0,1,0,casablanca,MARKETING_COM
318,43,0,1,0,casablanca,COMMERCIAL_VENTE
424,55,0,1,0,rabat,MANAGEMENT_DIRECTION
376,52,0,1,1,marrakech,COMMERCIAL_VENTE
350,47,0,1,0,marrakech,DATA_IA
407,54,0,1,0,marrakech,ADMINISTRATIF_SUPPORT
360,47,0,1,0,marrakech,MANAGEMENT_DIRECTION
374,47,0,1,0,marrakech,MANAGEMENT_DIRECTION
323,44,0,1,0,casablanca,COMMERCIAL_VENTE
327,41,0,0,0,casablanca,LOGISTIQUE_TRANSPORT
358,47,0,0,0,agadir,DATA_IA
392,52,0,0,0,agadir,DATA_IA
329,45,0,0,0,agadir,DATA_IA
349,45,0,0,0,agadir,DATA_IA
312,41,0,0,0,marrakech,DATA_IA
382,51,0,0,0,marrakech,DATA_IA
365,53,0,0,0,marrakech,DATA_IA
400,55,0,0,0,autre,DATA_IA
410,60,0,0,0,casablanca,IT_DEVELOPPEMENT
418,65,0,0,0,casablanca,MARKETING_COM
360,52,0,1,0,casablanca,IT_DEVELOPPEMENT
394,54,0,1,0,casablanca,MANAGEMENT_DIRECTION
355,53,0,0,0,casablanca,IT_DEVELOPPEMENT
296,40,0,0,0,casablanca,DATA_IA
415,55,0,1,0,tanger,ADMINISTRATIF_SUPPORT
426,68,0,1,0,autre,DATA_IA
336,47,0,1,1,rabat,IT_DEVELOPPEMENT
388,59,0,0,0,rabat,DATA_IA
372,51,0,0,1,autre,DATA_IA
424,58,0,1,0,rabat,IT_DEVELOPPEMENT
407,55,1,0,1,autre,COMMERCIAL_VENTE
434,57,0,1,1,casablanca,LOGISTIQUE_TRANSPORT
323,49,0,1,1,rabat,MANAGEMENT_DIRECTION
412,53,0,0,0,casablanca,COMMERCIAL_VENTE
325,47,0,0,0,autre,COMMERCIAL_VENTE
284,39,0,1,0,autre,DATA_IA
344,49,0,0,0,autre,COMMERCIAL_VENTE
370,50,0,0,0,autre,DATA_IA
339,45,0,0,0,autre,DATA_IA
375,51,0,0,0,rabat,DATA_IA
336,44,0,0,0,rabat,DATA_IA
359,50,0,0,0,autre,DATA_IA
354,46,0,0,0,rabat,DATA_IA
394,51,0,0,0,autre,DATA_IA
424,59,0,0,0,rabat,DATA_IA
458,57,0,0,1,rabat,DATA_IA
418,58,0,0,0,autre,DATA_IA
425,56,0,0,0,rabat,IT_DEVELOPPEMENT
409,59,0,1,1,autre,COMMERCIAL_VENTE
353,46,0,1,0,casablanca,MANAGEMENT_DIRECTION
342,51,0,0,0,rabat,DATA_IA
374,48,0,1,1,casablanca,MARKETING_COM
495,67,0,1,0,rabat,DATA_IA
345,51,0,1,1,autre,PRODUCTION_INDUSTRIE
381,50,0,1,1,autre,COMPTABILITE_FINANCE
480,71,0,0,0,casablanca,MANAGEMENT_DIRECTION
415,60,0,0,0,casablanca,MANAGEMENT_DIRECTION
394,55,0,1,0,autre,RESSOURCES_HUMAINES
388,51,0,1,0,casablanca,ADMINISTRATIF_SUPPORT
273,35,0,1,1,casablanca,COMPTABILITE_FINANCE
432,58,0,0,0,casablanca,COMMERCIAL_VENTE
371,48,0,0,0,casablanca,IT_DEVELOPPEMENT
369,50,0,1,0,rabat,DATA_IA
450,64,0,1,0,casablanca,COMMERCIAL_VENTE
408,56,0,1,0,agadir,PRODUCTION_INDUSTRIE
411,55,0,1,0,casablanca,COMMERCIAL_VENTE
416,57,0,0,0,rabat,DATA_IA
318,42,0,1,1,autre,DATA_IA
378,56,0,1,0,rabat,COMPTABILITE_FINANCE
392,56,0,1,1,rabat,COMMERCIAL_VENTE
395,56,0,1,0,rabat,INGENIERIE
307,43,0,1,1,casablanca,DATA_IA
366,51,0,1,1,autre,DATA_IA
318,42,0,1,1,autre,DATA_IA
408,56,0,1,1,casablanca,DATA_IA
324,47,0,0,1,autre,DATA_IA
438,60,0,0,0,casablanca,DATA_IA
350,48,0,1,1,tanger,DATA_IA
321,43,0,1,1,autre,DATA_IA
288,41,0,0,0,casablanca,COMMERCIAL_VENTE
436,61,0,0,1,casablanca,COMMERCIAL_VENTE
349,50,0,0,0,casablanca,COMMERCIAL_VENTE
390,55,0,1,0,agadir,PRODUCTION_INDUSTRIE
413,56,0,0,0,autre,MANAGEMENT_DIRECTION
405,62,0,0,0,autre,MANAGEMENT_DIRECTION
402,52,0,1,1,rabat,PRODUCTION_INDUSTRIE
327,49,0,0,0,casablanca,MANAGEMENT_DIRECTION
404,52,0,0,0,rabat,MANAGEMENT_DIRECTION
416,58,0,1,0,casablanca,PRODUCTION_INDUSTRIE
425,56,0,1,1,casablanca,COMPTABILITE_FINANCE
379,55,0,0,0,casablanca,IT_DEVELOPPEMENT
321,46,0,0,0,casablanca,IT_DEVELOPPEMENT
369,52,0,0,1,casablanca,IT_DEVELOPPEMENT
318,42,0,0,0,casablanca,COMMERCIAL_VENTE
433,64,0,1,1,autre,DATA_IA
422,54,0,0,1,casablanca,COMPTABILITE_FINANCE
391,52,0,1,1,autre,INGENIERIE
415,53,0,1,1,casablanca,COMPTABILITE_FINANCE
302,44,0,1,1,casablanca,COMPTABILITE_FINANCE
321,45,0,1,1,casablanca,COMPTABILITE_FINANCE
406,51,0,1,0,autre,IT_DEVELOPPEMENT
402,50,0,1,0,autre,DATA_IA
472,69,0,1,1,autre,MANAGEMENT_DIRECTION
423,58,0,0,1,rabat,MANAGEMENT_DIRECTION
387,55,0,1,0,tanger,DATA_IA
448,66,0,1,0,casablanca,ADMINISTRATIF_SUPPORT
436,68,0,1,0,autre,MANAGEMENT_DIRECTION
452,61,0,1,1,casablanca,IT_DEVELOPPEMENT
449,60,0,1,0,casablanca,DATA_IA
416,51,0,1,1,autre,DATA_IA
462,60,0,0,0,casablanca,COMMERCIAL_VENTE
390,49,0,1,0,casablanca,DATA_IA
418,60,0,1,0,rabat,MANAGEMENT_DIRECTION
363,46,0,0,1,autre,COMMERCIAL_VENTE
417,51,0,1,0,casablanca,DATA_IA
367,49,1,0,0,casablanca,DATA_IA
436,57,0,1,0,autre,DATA_IA
426,52,0,1,0,casablanca,PRODUCTION_INDUSTRIE
388,53,0,1,0,rabat,IT_DEVELOPPEMENT
371,55,0,1,1,rabat,IT_DEVELOPPEMENT
379,50,0,1,0,autre,IT_DEVELOPPEMENT
332,43,0,1,0,rabat,DATA_IA
418,58,0,0,1,tanger,MANAGEMENT_DIRECTION
391,52,0,0,0,autre,DATA_IA
335,46,0,1,0,casablanca,DATA_IA
365,47,0,1,0,casablanca,ADMINISTRATIF_SUPPORT
373,50,0,1,1,casablanca,RESSOURCES_HUMAINES
532,67,0,1,0,autre,MARKETING_COM
413,60,0,1,0,casablanca,COMPTABILITE_FINANCE
459,68,0,1,0,autre,DATA_IA
359,48,0,1,0,casablanca,MANAGEMENT_DIRECTION
378,54,0,1,0,casablanca,MANAGEMENT_DIRECTION
340,48,0,1,1,casablanca,DATA_IA
349,47,0,1,1,casablanca,RESSOURCES_HUMAINES
383,52,0,1,0,rabat,MARKETING_COM
323,44,0,1,1,casablanca,COMPTABILITE_FINANCE
331,43,0,1,0,casablanca,COMMERCIAL_VENTE
490,74,0,0,0,casablanca,RESSOURCES_HUMAINES
411,59,0,1,1,casablanca,RESSOURCES_HUMAINES
460,64,0,0,1,autre,MANAGEMENT_DIRECTION
392,52,0,1,0,casablanca,COMMERCIAL_VENTE
418,54,0,1,0,casablanca,MANAGEMENT_DIRECTION
377,49,0,1,0,casablanca,COMMERCIAL_VENTE
417,54,0,1,1,casablanca,DATA_IA
366,47,0,1,1,casablanca,DATA_IA
368,50,0,1,0,casablanca,DATA_IA
458,64,0,1,1,casablanca,IT_DEVELOPPEMENT
420,60,0,1,0,casablanca,RESSOURCES_HUMAINES
396,53,0,1,1,casablanca,DATA_IA
324,43,0,1,0,casablanca,ADMINISTRATIF_SUPPORT
415,52,0,1,0,autre,DATA_IA
366,49,0,1,0,autre,DATA_IA
372,44,0,1,0,autre,DATA_IA
440,60,0,1,0,casablanca,MANAGEMENT_DIRECTION
400,54,0,0,0,autre,COMMERCIAL_VENTE
442,62,0,0,0,autre,IT_DEVELOPPEMENT
372,51,0,0,0,casablanca,DATA_IA
353,46,0,1,0,autre,ADMINISTRATIF_SUPPORT
371,51,0,1,0,autre,MANAGEMENT_DIRECTION
399,55,0,1,0,casablanca,PRODUCTION_INDUSTRIE
362,48,0,0,1,casablanca,IT_DEVELOPPEMENT
375,51,0,0,1,casablanca,IT_DEVELOPPEMENT
405,57,0,1,1,casablanca,MANAGEMENT_DIRECTION
447,65,0,1,0,autre,INGENIERIE
456,61,0,1,1,casablanca,LOGISTIQUE_TRANSPORT
446,59,0,0,1,tanger,COMPTABILITE_FINANCE
320,47,0,1,1,rabat,MARKETING_COM
327,49,0,1,0,rabat,MANAGEMENT_DIRECTION
468,66,0,1,0,autre,ADMINISTRATIF_SUPPORT
420,62,0,1,1,autre,PRODUCTION_INDUSTRIE
372,43,0,1,1,autre,PRODUCTION_INDUSTRIE
368,49,0,1,1,autre,DATA_IA
418,58,0,1,1,autre,INGENIERIE
330,45,0,1,1,tanger,DATA_IA
395,50,0,1,0,tanger,MANAGEMENT_DIRECTION
327,47,0,1,0,casablanca,RESSOURCES_HUMAINES
367,51,0,0,0,casablanca,DATA_IA
441,60,0,1,1,casablanca,DATA_IA
311,39,1,0,0,casablanca,DATA_IA
286,41,0,0,0,casablanca,COMMERCIAL_VENTE
424,64,0,1,1,casablanca,RESSOURCES_HUMAINES
420,49,0,1,0,casablanca,DATA_IA
522,76,0,1,1,casablanca,MANAGEMENT_DIRECTION
358,53,0,0,0,autre,MANAGEMENT_DIRECTION
336,45,0,1,0,casablanca,COMMERCIAL_VENTE
376,53,0,0,0,autre,MANAGEMENT_DIRECTION
271,39,0,0,1,autre,MANAGEMENT_DIRECTION
416,58,0,0,0,autre,MANAGEMENT_DIRECTION
374,54,0,0,0,autre,MANAGEMENT_DIRECTION
403,53,0,0,0,autre,MANAGEMENT_DIRECTION
319,44,0,0,0,marrakech,MANAGEMENT_DIRECTION
294,39,0,0,0,casablanca,MANAGEMENT_DIRECTION
380,52,0,0,0,casablanca,MANAGEMENT_DIRECTION
331,46,0,0,0,autre,MANAGEMENT_DIRECTION
306,45,0,0,0,autre,MANAGEMENT_DIRECTION
406,55,0,0,0,autre,MANAGEMENT_DIRECTION
426,58,0,1,1,casablanca,MANAGEMENT_DIRECTION
329,47,0,0,0,autre,MANAGEMENT_DIRECTION
392,55,0,0,0,autre,MANAGEMENT_DIRECTION
334,47,0,1,0,casablanca,PRODUCTION_INDUSTRIE
287,40,0,0,0,autre,MANAGEMENT_DIRECTION
360,51,0,0,0,casablanca,DATA_IA
392,53,0,0,0,autre,MANAGEMENT_DIRECTION
319,41,0,1,1,rabat,DATA_IA
431,62,0,1,0,casablanca,DATA_IA
353,48,0,0,0,casablanca,MANAGEMENT_DIRECTION
426,56,0,0,1,rabat,COMMERCIAL_VENTE
524,81,0,1,0,rabat,LOGISTIQUE_TRANSPORT
328,44,0,0,0,casablanca,COMPTABILITE_FINANCE
406,56,0,1,0,casablanca,PRODUCTION_INDUSTRIE
332,45,0,1,0,casablanca,COMMERCIAL_VENTE
412,60,0,1,0,autre,DATA_IA
404,55,0,1,0,agadir,MANAGEMENT_DIRECTION
412,59,0,1,0,agadir,LOGISTIQUE_TRANSPORT
401,52,0,1,0,casablanca,COMMERCIAL_VENTE
506,70,0,1,0,casablanca,COMMERCIAL_VENTE
404,63,0,1,0,casablanca,PRODUCTION_INDUSTRIE
480,69,0,0,0,casablanca,PRODUCTION_INDUSTRIE
407,53,0,1,1,casablanca,ADMINISTRATIF_SUPPORT
413,54,0,1,0,autre,DATA_IA
324,46,0,1,0,agadir,COMMERCIAL_VENTE
358,47,0,1,0,casablanca,ADMINISTRATIF_SUPPORT
418,58,0,1,0,agadir,MANAGEMENT_DIRECTION
423,58,0,1,0,autre,IT_DEVELOPPEMENT
358,48,0,1,0,autre,COMPTABILITE_FINANCE
339,50,0,1,0,marrakech,DATA_IA
414,57,0,1,0,autre,MANAGEMENT_DIRECTION
447,59,0,1,0,rabat,INGENIERIE
346,52,0,1,0,casablanca,IT_DEVELOPPEMENT
351,43,0,1,0,casablanca,MANAGEMENT_DIRECTION
315,45,0,1,0,autre,DATA_IA
363,47,0,1,0,autre,MANAGEMENT_DIRECTION
330,46,0,1,0,agadir,DATA_IA
412,57,0,1,1,agadir,ADMINISTRATIF_SUPPORT
395,57,0,0,0,casablanca,DATA_IA
401,53,0,0,0,rabat,RESSOURCES_HUMAINES
356,42,0,1,0,casablanca,COMMERCIAL_VENTE
388,55,0,0,1,casablanca,COMMERCIAL_VENTE
398,54,0,1,0,agadir,ADMINISTRATIF_SUPPORT
481,70,0,1,0,casablanca,COMMERCIAL_VENTE
436,61,0,0,0,agadir,RESSOURCES_HUMAINES
357,44,0,1,1,casablanca,DATA_IA
341,43,0,1,0,casablanca,COMMERCIAL_VENTE
363,53,0,1,1,autre,LOGISTIQUE_TRANSPORT
358,48,0,0,0,casablanca,COMPTABILITE_FINANCE
314,48,0,1,0,rabat,MANAGEMENT_DIRECTION
497,70,0,0,1,casablanca,IT_DEVELOPPEMENT
385,51,0,0,0,casablanca,PRODUCTION_INDUSTRIE
399,56,0,0,1,casablanca,COMMERCIAL_VENTE
476,64,0,1,0,casablanca,ADMINISTRATIF_SUPPORT
399,56,0,1,0,rabat,DATA_IA
336,47,0,1,0,tanger,COMMERCIAL_VENTE
358,50,0,1,0,autre,COMMERCIAL_VENTE
338,46,0,1,0,agadir,COMMERCIAL_VENTE
360,51,0,1,0,marrakech,COMMERCIAL_VENTE
315,45,0,1,0,autre,COMMERCIAL_VENTE
311,43,0,1,0,casablanca,COMMERCIAL_VENTE
427,64,0,1,0,casablanca,DATA_IA
423,59,0,0,0,rabat,DATA_IA
380,53,0,1,0,rabat,IT_DEVELOPPEMENT
380,52,0,1,1,autre,COMPTABILITE_FINANCE
447,60,0,0,1,autre,IT_DEVELOPPEMENT
354,47,0,0,1,casablanca,COMPTABILITE_FINANCE
384,53,0,1,1,rabat,IT_DEVELOPPEMENT
439,59,0,1,0,casablanca,DATA_IA
380,47,0,1,1,autre,PRODUCTION_INDUSTRIE
448,58,0,1,0,casablanca,COMMERCIAL_VENTE
409,57,0,1,0,casablanca,IT_DEVELOPPEMENT
407,55,0,1,0,tanger,DATA_IA
270,34,0,1,0,autre,DATA_IA
440,67,0,1,0,rabat,RESSOURCES_HUMAINES
378,60,0,1,0,rabat,DATA_IA
291,42,0,1,0,rabat,INGENIERIE
368,53,0,1,1,casablanca,DATA_IA
439,56,0,1,0,rabat,DATA_IA
315,45,0,1,0,casablanca,IT_DEVELOPPEMENT
368,50,0,1,0,casablanca,MARKETING_COM
303,44,0,1,0,casablanca,COMMERCIAL_VENTE
395,46,0,1,0,autre,MARKETING_COM
348,49,0,0,0,autre,COMMERCIAL_VENTE
407,54,0,1,1,casablanca,COMMERCIAL_VENTE
465,63,0,1,1,casablanca,RESSOURCES_HUMAINES
396,55,0,0,1,casablanca,DATA_IA
433,59,0,1,0,casablanca,PRODUCTION_INDUSTRIE
402,52,0,1,1,casablanca,COMMERCIAL_VENTE
446,59,0,1,1,casablanca,DATA_IA
364,51,0,1,0,casablanca,MANAGEMENT_DIRECTION
465,65,0,1,0,rabat,INGENIERIE
362,48,0,1,1,rabat,COMPTABILITE_FINANCE
436,59,0,1,0,casablanca,DATA_IA
376,52,0,1,0,casablanca,DATA_IA
447,60,0,1,1,casablanca,PRODUCTION_INDUSTRIE
343,44,0,0,1,casablanca,ADMINISTRATIF_SUPPORT
400,58,0,0,0,casablanca,COMPTABILITE_FINANCE
494,64,0,1,0,casablanca,DATA_IA
300,38,0,1,1,casablanca,DATA_IA
384,52,0,1,1,casablanca,DATA_IA
425,55,0,1,0,rabat,ADMINISTRATIF_SUPPORT
371,54,0,1,1,rabat,IT_DEVELOPPEMENT
385,52,0,0,1,rabat,IT_DEVELOPPEMENT
438,59,0,0,1,rabat,IT_DEVELOPPEMENT
431,55,0,0,1,autre,ADMINISTRATIF_SUPPORT
385,56,0,1,0,casablanca,LOGISTIQUE_TRANSPORT
350,51,0,0,1,casablanca,IT_DEVELOPPEMENT
392,49,0,0,0,autre,IT_DEVELOPPEMENT
474,62,0,1,0,autre,INGENIERIE
459,62,0,1,0,agadir,PRODUCTION_INDUSTRIE
403,55,0,0,0,casablanca,COMMERCIAL_VENTE
297,44,0,1,1,casablanca,MANAGEMENT_DIRECTION
462,66,0,1,0,agadir,PRODUCTION_INDUSTRIE
359,50,0,1,0,autre,DATA_IA
347,41,0,0,0,casablanca,COMMERCIAL_VENTE
471,68,0,1,0,agadir,COMPTABILITE_FINANCE
317,45,0,1,1,casablanca,RESSOURCES_HUMAINES
318,47,0,1,1,tanger,MANAGEMENT_DIRECTION
306,48,0,1,0,rabat,IT_DEVELOPPEMENT
283,36,0,1,0,casablanca,MANAGEMENT_DIRECTION
396,55,0,1,0,casablanca,COMMERCIAL_VENTE
346,44,0,1,0,casablanca,COMMERCIAL_VENTE
333,41,0,0,0,casablanca,COMMERCIAL_VENTE
457,59,0,1,0,autre,IT_DEVELOPPEMENT
406,57,0,0,1,casablanca,COMMERCIAL_VENTE
310,42,0,0,0,casablanca,COMMERCIAL_VENTE
379,53,0,1,0,casablanca,DATA_IA
374,56,0,1,0,casablanca,DATA_IA
342,53,0,1,0,autre,DATA_IA
347,42,0,0,0,autre,IT_DEVELOPPEMENT
335,45,0,1,0,autre,DATA_IA
429,62,0,1,1,rabat,COMMERCIAL_VENTE
393,51,0,1,1,casablanca,COMMERCIAL_VENTE
483,63,0,1,1,casablanca,COMPTABILITE_FINANCE
381,51,0,1,1,tanger,COMMERCIAL_VENTE
361,49,0,0,0,autre,PRODUCTION_INDUSTRIE
419,54,0,1,0,casablanca,DATA_IA
410,52,0,1,0,casablanca,DATA_IA
359,52,0,0,0,rabat,MARKETING_COM
334,40,0,1,0,rabat,COMMERCIAL_VENTE
351,47,0,1,0,autre,MANAGEMENT_DIRECTION
338,49,0,1,0,autre,DATA_IA
297,45,0,1,1,rabat,IT_DEVELOPPEMENT
374,50,0,0,1,rabat,COMMERCIAL_VENTE
382,52,0,1,1,rabat,IT_DEVELOPPEMENT
395,58,0,0,1,rabat,IT_DEVELOPPEMENT
326,41,0,0,1,rabat,COMMERCIAL_VENTE
362,49,0,0,1,rabat,DATA_IA
308,42,0,0,1,rabat,COMPTABILITE_FINANCE
356,46,0,0,1,rabat,DATA_IA
447,64,0,1,1,casablanca,DATA_IA
406,55,0,1,0,autre,DATA_IA
316,45,0,1,0,autre,DATA_IA
380,56,0,1,0,autre,DATA_IA
374,51,0,1,0,autre,MARKETING_COM
372,51,0,0,0,autre,DATA_IA
432,61,0,1,0,autre,DATA_IA
439,59,0,1,0,autre,ADMINISTRATIF_SUPPORT
371,54,0,0,1,casablanca,DATA_IA
324,47,0,1,1,autre,PRODUCTION_INDUSTRIE
354,44,0,0,0,rabat,MANAGEMENT_DIRECTION
382,53,0,0,0,autre,DATA_IA
484,64,0,1,0,autre,PRODUCTION_INDUSTRIE
325,44,0,0,0,tanger,DATA_IA
443,62,0,1,0,marrakech,DATA_IA
375,49,0,0,0,autre,MANAGEMENT_DIRECTION
295,40,0,1,0,autre,DATA_IA
398,55,0,0,1,autre,MANAGEMENT_DIRECTION
400,57,0,0,1,autre,MANAGEMENT_DIRECTION
322,45,0,0,0,autre,PRODUCTION_INDUSTRIE
382,49,0,0,1,autre,PRODUCTION_INDUSTRIE
363,53,0,1,0,autre,PRODUCTION_INDUSTRIE
407,57,0,1,0,casablanca,COMPTABILITE_FINANCE
425,60,0,0,0,casablanca,COMMERCIAL_VENTE
356,51,0,1,0,casablanca,DATA_IA
385,52,0,1,1,casablanca,PRODUCTION_INDUSTRIE
432,59,0,1,0,autre,INGENIERIE
316,40,0,1,0,casablanca,ADMINISTRATIF_SUPPORT
324,43,0,1,1,casablanca,DATA_IA
319,43,0,1,0,autre,MANAGEMENT_DIRECTION
287,44,0,1,0,autre,MANAGEMENT_DIRECTION
559,73,0,1,0,autre,MANAGEMENT_DIRECTION
367,58,0,1,0,autre,PRODUCTION_INDUSTRIE
473,66,0,1,0,autre,MANAGEMENT_DIRECTION
443,64,0,1,0,casablanca,COMPTABILITE_FINANCE
326,46,0,1,0,casablanca,COMPTABILITE_FINANCE
387,52,0,1,0,casablanca,DATA_IA
336,49,0,0,0,casablanca,DATA_IA
373,48,0,1,1,casablanca,MANAGEMENT_DIRECTION
444,62,0,1,0,casablanca,MANAGEMENT_DIRECTION
340,46,0,0,0,rabat,MANAGEMENT_DIRECTION
386,49,1,0,0,casablanca,DATA_IA
340,43,0,1,0,autre,PRODUCTION_INDUSTRIE
325,44,0,1,0,casablanca,RESSOURCES_HUMAINES
433,68,0,0,0,casablanca,DATA_IA
343,43,0,0,0,casablanca,LOGISTIQUE_TRANSPORT
482,69,0,1,0,casablanca,COMMERCIAL_VENTE
344,48,0,1,0,autre,DATA_IA
392,56,0,1,0,casablanca,MARKETING_COM
339,49,0,0,0,casablanca,COMPTABILITE_FINANCE
390,53,0,1,0,casablanca,PRODUCTION_INDUSTRIE
397,52,0,1,0,casablanca,ADMINISTRATIF_SUPPORT
435,59,0,0,0,rabat,ADMINISTRATIF_SUPPORT
388,50,0,0,1,casablanca,ADMINISTRATIF_SUPPORT
429,57,0,1,1,rabat,MANAGEMENT_DIRECTION
428,57,0,1,0,casablanca,IT_DEVELOPPEMENT
335,47,0,1,0,casablanca,IT_DEVELOPPEMENT
454,59,0,1,0,casablanca,RESSOURCES_HUMAINES
336,47,0,1,0,casablanca,RESSOURCES_HUMAINES
327,46,0,1,0,casablanca,DATA_IA
342,51,0,1,0,casablanca,DATA_IA
392,48,0,1,0,autre,MARKETING_COM
409,51,0,1,0,casablanca,MARKETING_COM
420,53,0,1,0,casablanca,LOGISTIQUE_TRANSPORT
398,52,0,0,0,casablanca,PRODUCTION_INDUSTRIE
347,45,0,1,0,casablanca,DATA_IA
387,52,0,0,0,casablanca,COMMERCIAL_VENTE
334,49,0,0,0,casablanca,COMMERCIAL_VENTE
379,51,0,0,0,casablanca,COMMERCIAL_VENTE
388,57,0,0,1,casablanca,COMMERCIAL_VENTE
503,74,0,1,0,autre,MANAGEMENT_DIRECTION
415,57,0,0,0,autre,MANAGEMENT_DIRECTION
361,52,0,1,0,autre,MANAGEMENT_DIRECTION
407,58,0,1,0,autre,MANAGEMENT_DIRECTION
288,44,0,1,0,autre,MANAGEMENT_DIRECTION
382,57,0,1,0,autre,DATA_IA
348,49,0,1,1,casablanca,RESSOURCES_HUMAINES
338,48,0,1,1,casablanca,PRODUCTION_INDUSTRIE
436,58,0,1,0,casablanca,MARKETING_COM
369,54,0,0,1,autre,COMPTABILITE_FINANCE
357,50,0,1,0,casablanca,MARKETING_COM
419,62,0,1,0,tanger,DATA_IA
337,45,0,1,0,agadir,DATA_IA
386,54,0,1,1,casablanca,DATA_IA
395,48,0,1,0,casablanca,MANAGEMENT_DIRECTION
432,57,0,1,0,casablanca,MANAGEMENT_DIRECTION
400,55,0,1,1,casablanca,IT_DEVELOPPEMENT
418,57,0,1,1,casablanca,DATA_IA
388,54,0,1,0,autre,PRODUCTION_INDUSTRIE
356,50,0,1,0,autre,MANAGEMENT_DIRECTION
334,47,0,0,1,casablanca,MANAGEMENT_DIRECTION
319,43,0,1,0,agadir,COMMERCIAL_VENTE
350,47,0,0,1,autre,COMMERCIAL_VENTE
384,48,0,1,0,autre,ADMINISTRATIF_SUPPORT
363,58,0,1,1,casablanca,RESSOURCES_HUMAINES
435,65,0,1,0,autre,RESSOURCES_HUMAINES
441,57,0,0,1,autre,DATA_IA
404,54,0,1,0,casablanca,RESSOURCES_HUMAINES
443,63,0,1,0,rabat,DATA_IA
533,70,0,1,1,rabat,DATA_IA
386,49,0,0,0,rabat,IT_DEVELOPPEMENT
328,48,0,1,1,autre,DATA_IA
345,47,0,0,1,casablanca,LOGISTIQUE_TRANSPORT
392,55,0,0,1,casablanca,COMPTABILITE_FINANCE
406,55,0,1,0,rabat,DATA_IA
378,53,0,1,0,casablanca,DATA_IA
312,43,0,0,0,casablanca,IT_DEVELOPPEMENT
398,55,0,0,0,rabat,DATA_IA
303,43,0,0,1,casablanca,LOGISTIQUE_TRANSPORT
372,53,0,0,1,casablanca,MARKETING_COM
376,47,0,0,1,casablanca,IT_DEVELOPPEMENT
370,47,0,0,1,casablanca,DATA_IA
384,55,0,1,0,casablanca,DATA_IA
423,53,0,1,0,casablanca,MANAGEMENT_DIRECTION
496,75,0,1,1,casablanca,RESSOURCES_HUMAINES
335,46,0,0,0,autre,MANAGEMENT_DIRECTION
361,52,0,0,0,casablanca,MANAGEMENT_DIRECTION
363,51,0,0,0,autre,DATA_IA
438,60,0,0,0,autre,MANAGEMENT_DIRECTION
429,54,0,0,0,tanger,COMMERCIAL_VENTE
413,51,0,1,1,casablanca,COMPTABILITE_FINANCE
425,58,0,1,0,casablanca,IT_DEVELOPPEMENT
421,65,0,1,0,casablanca,PRODUCTION_INDUSTRIE
374,49,0,0,0,rabat,DATA_IA
362,49,0,1,0,rabat,PRODUCTION_INDUSTRIE
404,65,0,1,0,autre,MANAGEMENT_DIRECTION
370,50,1,0,0,casablanca,DATA_IA
422,54,0,1,0,autre,DATA_IA
426,59,0,1,0,autre,IT_DEVELOPPEMENT
445,57,0,1,0,autre,INGENIERIE
394,48,0,1,0,casablanca,COMMERCIAL_VENTE
401,55,0,1,0,rabat,ADMINISTRATIF_SUPPORT
349,50,0,1,1,casablanca,COMPTABILITE_FINANCE
306,37,0,0,1,autre,COMPTABILITE_FINANCE
385,56,0,1,1,casablanca,ADMINISTRATIF_SUPPORT
396,54,0,1,1,autre,INGENIERIE
341,48,0,1,0,casablanca,COMMERCIAL_VENTE
430,60,0,1,1,casablanca,LOGISTIQUE_TRANSPORT
385,55,0,1,0,casablanca,IT_DEVELOPPEMENT
424,64,0,1,1,casablanca,IT_DEVELOPPEMENT
412,54,0,1,1,casablanca,IT_DEVELOPPEMENT
370,55,0,1,0,marrakech,MANAGEMENT_DIRECTION
409,53,0,1,1,casablanca,ADMINISTRATIF_SUPPORT
416,57,0,0,0,casablanca,MANAGEMENT_DIRECTION
294,37,0,0,1,casablanca,LOGISTIQUE_TRANSPORT
481,70,0,1,0,casablanca,DATA_IA
254,37,0,1,0,autre,LOGISTIQUE_TRANSPORT
333,46,0,0,0,rabat,DATA_IA
385,51,0,1,0,agadir,PRODUCTION_INDUSTRIE
481,64,0,1,0,autre,DATA_IA
343,48,0,1,0,autre,MARKETING_COM
383,46,0,1,1,casablanca,PRODUCTION_INDUSTRIE
351,51,0,0,0,casablanca,DATA_IA
388,51,0,1,1,casablanca,IT_DEVELOPPEMENT
349,47,0,1,1,casablanca,MANAGEMENT_DIRECTION
434,61,0,1,0,casablanca,COMMERCIAL_VENTE
354,46,0,1,0,autre,INGENIERIE
351,56,0,0,0,casablanca,IT_DEVELOPPEMENT
398,57,0,0,0,casablanca,IT_DEVELOPPEMENT
320,43,0,1,0,rabat,IT_DEVELOPPEMENT
359,47,0,1,0,casablanca,COMMERCIAL_VENTE
308,44,0,0,1,casablanca,COMPTABILITE_FINANCE
350,48,0,1,0,casablanca,INGENIERIE
378,58,0,1,0,casablanca,LOGISTIQUE_TRANSPORT
387,52,0,1,0,casablanca,MARKETING_COM
493,65,0,0,0,autre,RESSOURCES_HUMAINES
419,57,0,0,1,casablanca,COMMERCIAL_VENTE
388,54,0,1,0,casablanca,MANAGEMENT_DIRECTION
373,48,0,1,1,autre,IT_DEVELOPPEMENT
346,44,0,1,1,casablanca,MANAGEMENT_DIRECTION
319,46,0,1,0,rabat,MANAGEMENT_DIRECTION
358,46,0,1,0,casablanca,COMMERCIAL_VENTE
413,63,0,0,0,casablanca,IT_DEVELOPPEMENT
408,57,0,1,1,casablanca,COMMERCIAL_VENTE
331,45,0,1,1,casablanca,COMPTABILITE_FINANCE
432,61,0,1,0,rabat,DATA_IA
414,52,0,1,0,autre,ADMINISTRATIF_SUPPORT
542,76,0,1,0,autre,IT_DEVELOPPEMENT
409,59,0,1,0,autre,PRODUCTION_INDUSTRIE
323,43,0,0,0,autre,MANAGEMENT_DIRECTION
313,44,0,0,0,rabat,RESSOURCES_HUMAINES
373,52,0,1,0,casablanca,COMPTABILITE_FINANCE
386,58,0,1,0,casablanca,MANAGEMENT_DIRECTION
429,54,0,1,1,autre,ADMINISTRATIF_SUPPORT
429,61,0,1,0,autre,DATA_IA
499,69,0,1,0,casablanca,LOGISTIQUE_TRANSPORT
375,51,0,1,0,casablanca,PRODUCTION_INDUSTRIE
382,52,0,1,1,autre,DATA_IA
427,52,0,1,0,autre,DATA_IA
377,47,0,1,1,casablanca,RESSOURCES_HUMAINES
425,61,0,0,1,rabat,IT_DEVELOPPEMENT
388,53,0,1,1,casablanca,DATA_IA
465,65,0,1,0,casablanca,COMPTABILITE_FINANCE
401,54,0,0,1,casablanca,DATA_IA
375,49,0,1,0,tanger,MANAGEMENT_DIRECTION
330,47,0,1,0,marrakech,MANAGEMENT_DIRECTION
463,61,0,0,0,casablanca,DATA_IA
338,47,0,1,0,casablanca,DATA_IA
373,55,0,1,0,casablanca,DATA_IA
395,55,0,1,0,casablanca,ADMINISTRATIF_SUPPORT
309,40,0,0,0,tanger,COMMERCIAL_VENTE
415,54,0,0,1,rabat,COMMERCIAL_VENTE
267,34,0,0,1,marrakech,COMMERCIAL_VENTE
411,55,0,0,0,casablanca,MANAGEMENT_DIRECTION
364,48,0,1,1,casablanca,PRODUCTION_INDUSTRIE
308,47,0,1,1,casablanca,DATA_IA
393,50,0,1,1,casablanca,COMPTABILITE_FINANCE
387,53,0,0,1,rabat,MARKETING_COM
363,49,0,1,0,autre,DATA_IA
431,55,0,1,0,casablanca,DATA_IA
463,69,0,0,0,marrakech,MANAGEMENT_DIRECTION
398,49,0,0,1,rabat,COMMERCIAL_VENTE
415,53,0,0,1,autre,COMMERCIAL_VENTE
391,53,0,0,0,autre,COMMERCIAL_VENTE
359,46,0,1,0,autre,DATA_IA
382,49,0,0,0,autre,LOGISTIQUE_TRANSPORT
380,46,0,0,1,casablanca,COMMERCIAL_VENTE
341,48,0,1,1,autre,MANAGEMENT_DIRECTION
375,45,0,1,0,autre,MARKETING_COM
384,46,0,1,0,autre,MARKETING_COM
415,54,0,1,0,autre,MARKETING_COM
435,60,0,1,1,autre,MARKETING_COM
529,71,0,0,0,autre,MARKETING_COM
331,47,0,1,0,marrakech,COMMERCIAL_VENTE
421,55,0,1,1,casablanca,MANAGEMENT_DIRECTION
383,55,0,1,1,casablanca,IT_DEVELOPPEMENT
426,58,0,1,1,casablanca,DATA_IA
370,53,0,1,1,autre,COMMERCIAL_VENTE
460,61,0,1,1,casablanca,COMPTABILITE_FINANCE
403,50,0,1,0,casablanca,DATA_IA
441,64,0,1,1,marrakech,MANAGEMENT_DIRECTION
504,73,0,1,0,casablanca,IT_DEVELOPPEMENT
435,60,0,1,0,casablanca,IT_DEVELOPPEMENT
372,53,0,1,0,casablanca,DATA_IA
305,39,0,1,1,casablanca,DATA_IA
453,59,0,0,1,casablanca,ADMINISTRATIF_SUPPORT
273,35,0,1,1,casablanca,COMPTABILITE_FINANCE
370,54,0,0,1,casablanca,DATA_IA
434,53,0,1,0,casablanca,RESSOURCES_HUMAINES
336,48,0,1,1,casablanca,DATA_IA
474,69,0,1,0,autre,MANAGEMENT_DIRECTION
371,55,0,1,1,rabat,ADMINISTRATIF_SUPPORT
401,55,0,1,0,marrakech,MANAGEMENT_DIRECTION
408,50,0,0,1,casablanca,ADMINISTRATIF_SUPPORT
443,64,0,1,1,autre,PRODUCTION_INDUSTRIE
381,58,0,1,0,autre,DATA_IA
394,55,0,1,1,casablanca,DATA_IA
531,70,0,1,0,casablanca,COMMERCIAL_VENTE
363,46,0,1,0,casablanca,DATA_IA
404,53,0,1,0,casablanca,COMMERCIAL_VENTE
429,57,0,0,0,casablanca,DATA_IA
414,59,0,1,1,casablanca,MARKETING_COM
327,46,0,1,0,autre,MANAGEMENT_DIRECTION
372,51,0,0,0,rabat,IT_DEVELOPPEMENT
429,58,0,1,0,casablanca,MANAGEMENT_DIRECTION
263,36,0,1,0,casablanca,ADMINISTRATIF_SUPPORT
419,55,0,1,1,casablanca,DATA_IA
437,60,0,1,1,autre,PRODUCTION_INDUSTRIE
399,62,0,0,0,marrakech,MANAGEMENT_DIRECTION
410,56,0,1,0,autre,DATA_IA
344,45,0,1,0,autre,COMMERCIAL_VENTE
325,46,0,1,0,autre,MANAGEMENT_DIRECTION
259,38,0,1,0,autre,DATA_IA
359,44,0,1,0,casablanca,IT_DEVELOPPEMENT
378,51,0,0,0,rabat,MANAGEMENT_DIRECTION
376,54,0,1,0,casablanca,MANAGEMENT_DIRECTION
392,54,0,1,0,casablanca,MANAGEMENT_DIRECTION
402,51,0,1,0,casablanca,COMMERCIAL_VENTE
355,46,0,1,0,casablanca,IT_DEVELOPPEMENT
474,67,0,1,0,casablanca,MANAGEMENT_DIRECTION
392,54,0,0,0,rabat,COMPTABILITE_FINANCE
338,54,0,1,0,casablanca,DATA_IA
325,48,0,1,0,autre,MARKETING_COM
343,45,0,1,0,casablanca,DATA_IA
375,56,0,1,1,marrakech,DATA_IA
386,59,0,1,0,casablanca,INGENIERIE
351,53,0,1,0,autre,COMMERCIAL_VENTE
429,63,0,0,0,casablanca,MANAGEMENT_DIRECTION
434,58,0,1,0,casablanca,INGENIERIE
431,59,0,0,1,agadir,COMPTABILITE_FINANCE
410,56,0,1,0,casablanca,INGENIERIE
487,73,0,1,0,casablanca,RESSOURCES_HUMAINES
353,49,0,1,1,autre,INGENIERIE
397,55,0,1,1,casablanca,PRODUCTION_INDUSTRIE
317,45,0,1,0,autre,COMMERCIAL_VENTE
387,56,0,1,1,autre,COMMERCIAL_VENTE
293,39,0,1,0,casablanca,COMPTABILITE_FINANCE
519,74,0,0,0,casablanca,RESSOURCES_HUMAINES
335,47,0,1,0,casablanca,ADMINISTRATIF_SUPPORT
368,52,0,1,0,casablanca,COMPTABILITE_FINANCE
346,47,0,1,0,tanger,MANAGEMENT_DIRECTION
367,51,0,1,1,agadir,COMPTABILITE_FINANCE
430,56,0,1,1,tanger,COMPTABILITE_FINANCE
333,44,0,1,0,casablanca,ADMINISTRATIF_SUPPORT
517,64,0,1,1,casablanca,COMMERCIAL_VENTE
402,54,0,1,0,rabat,MARKETING_COM
386,52,0,0,0,autre,PRODUCTION_INDUSTRIE
397,56,0,1,0,autre,COMMERCIAL_VENTE
317,40,0,1,0,casablanca,COMMERCIAL_VENTE
376,51,0,1,0,autre,COMMERCIAL_VENTE
469,73,0,0,1,casablanca,MANAGEMENT_DIRECTION
366,55,0,0,0,casablanca,DATA_IA
463,59,0,1,0,autre,DATA_IA
372,49,0,1,1,autre,PRODUCTION_INDUSTRIE
377,56,0,0,0,marrakech,DATA_IA
436,59,0,1,1,casablanca,COMPTABILITE_FINANCE
326,45,0,0,0,autre,MANAGEMENT_DIRECTION
332,47,0,1,0,casablanca,PRODUCTION_INDUSTRIE
359,50,0,1,1,casablanca,ADMINISTRATIF_SUPPORT
404,55,0,1,0,autre,IT_DEVELOPPEMENT
421,60,0,0,1,rabat,DATA_IA
434,62,0,1,0,autre,MANAGEMENT_DIRECTION
425,62,0,1,1,autre,COMMERCIAL_VENTE
350,43,0,1,0,autre,COMMERCIAL_VENTE
367,48,0,1,0,casablanca,DATA_IA
374,55,0,1,0,autre,DATA_IA
400,51,0,1,0,autre,ADMINISTRATIF_SUPPORT
373,52,0,0,0,marrakech,MANAGEMENT_DIRECTION
507,75,0,1,0,autre,COMMERCIAL_VENTE
463,62,0,0,1,autre,MANAGEMENT_DIRECTION
1051,151,0,0,1,casablanca,LOGISTIQUE_TRANSPORT
1031,146,0,1,0,casablanca,PRODUCTION_INDUSTRIE
2093,311,0,0,0,rabat,COMMERCIAL_VENTE
316,46,0,1,0,casablanca,DATA_IA
804,113,0,1,1,casablanca,DATA_IA
1060,146,0,0,1,casablanca,MANAGEMENT_DIRECTION
1592,199,0,0,1,tanger,MANAGEMENT_DIRECTION
1243,187,0,1,1,tanger,DATA_IA
214,31,0,1,0,casablanca,COMPTABILITE_FINANCE
1607,212,0,1,1,agadir,DATA_IA
2031,260,0,1,0,casablanca,DATA_IA
1205,174,0,0,1,casablanca,DATA_IA
248,32,0,0,0,casablanca,DATA_IA
492,65,0,0,1,casablanca,PRODUCTION_INDUSTRIE
1611,215,0,0,0,casablanca,DATA_IA
400,60,0,0,0,autre,COMMERCIAL_VENTE
531,82,0,0,0,autre,PRODUCTION_INDUSTRIE
397,64,0,0,0,autre,MANAGEMENT_DIRECTION
688,97,0,1,0,autre,DATA_IA
244,39,0,0,0,casablanca,PRODUCTION_INDUSTRIE
1073,146,0,1,1,casablanca,DATA_IA
2037,311,0,1,0,casablanca,IT_DEVELOPPEMENT
1421,195,0,1,0,casablanca,ADMINISTRATIF_SUPPORT
507,70,0,1,1,casablanca,PRODUCTION_INDUSTRIE
1776,247,0,1,1,casablanca,DATA_IA
336,55,0,1,0,autre,DATA_IA
342,56,0,1,0,autre,DATA_IA
337,55,0,1,0,tanger,LOGISTIQUE_TRANSPORT
414,64,0,0,0,marrakech,DATA_IA
2029,200,0,0,0,casablanca,COMMERCIAL_VENTE
411,64,0,0,0,tanger,DATA_IA
415,64,0,0,0,casablanca,DATA_IA
399,58,0,0,0,marrakech,DATA_IA
333,50,0,1,0,autre,COMMERCIAL_VENTE
1400,199,0,0,1,casablanca,COMMERCIAL_VENTE
1156,160,0,1,1,marrakech,LOGISTIQUE_TRANSPORT
1166,128,0,0,0,casablanca,PRODUCTION_INDUSTRIE
1999,251,0,0,0,casablanca,MARKETING_COM
400,64,0,1,0,agadir,COMPTABILITE_FINANCE
179,25,0,1,0,casablanca,LOGISTIQUE_TRANSPORT
2081,264,0,1,1,rabat,DATA_IA
1275,170,0,1,0,casablanca,COMMERCIAL_VENTE
336,52,0,1,0,casablanca,ADMINISTRATIF_SUPPORT
518,77,0,1,0,casablanca,COMMERCIAL_VENTE
466,65,0,0,1,autre,PRODUCTION_INDUSTRIE
796,111,0,0,1,tanger,MARKETING_COM
751,103,0,0,0,casablanca,COMPTABILITE_FINANCE
841,124,0,0,0,rabat,MANAGEMENT_DIRECTION
361,61,0,1,0,rabat,DATA_IA
897,135,0,0,1,rabat,DATA_IA
926,137,0,1,0,autre,PRODUCTION_INDUSTRIE
1221,172,0,1,1,casablanca,COMMERCIAL_VENTE
2101,285,0,1,0,casablanca,DATA_IA
866,119,0,0,0,casablanca,DATA_IA
1070,148,0,1,1,casablanca,RESSOURCES_HUMAINES
1071,139,0,1,1,casablanca,DATA_IA
1671,229,0,1,1,casablanca,IT_DEVELOPPEMENT
1900,265,0,0,1,marrakech,IT_DEVELOPPEMENT
609,86,0,1,0,casablanca,PRODUCTION_INDUSTRIE
1887,275,0,0,0,casablanca,IT_DEVELOPPEMENT
1797,256,0,0,1,marrakech,IT_DEVELOPPEMENT
1174,157,0,0,0,casablanca,COMMERCIAL_VENTE
1976,267,0,0,0,casablanca,ADMINISTRATIF_SUPPORT
2090,284,0,0,0,casablanca,ADMINISTRATIF_SUPPORT
365,47,0,0,1,casablanca,COMMERCIAL_VENTE
1501,214,0,1,0,marrakech,COMMERCIAL_VENTE
2042,297,0,0,0,marrakech,DATA_IA
1629,235,0,1,0,autre,PRODUCTION_INDUSTRIE
2016,267,0,1,1,casablanca,PRODUCTION_INDUSTRIE
510,62,0,1,0,tanger,PRODUCTION_INDUSTRIE
156,21,0,0,0,tanger,IT_DEVELOPPEMENT
505,76,0,0,0,rabat,COMPTABILITE_FINANCE
855,121,0,0,0,autre,DATA_IA
732,100,0,0,0,casablanca,DATA_IA
1621,220,0,1,1,casablanca,COMMERCIAL_VENTE
975,134,0,1,0,rabat,ADMINISTRATIF_SUPPORT
788,100,0,0,0,marrakech,COMPTABILITE_FINANCE
785,116,0,0,0,casablanca,COMMERCIAL_VENTE
947,133,0,0,1,casablanca,MANAGEMENT_DIRECTION
295,45,0,1,0,autre,COMPTABILITE_FINANCE
1719,234,0,1,0,tanger,COMMERCIAL_VENTE
512,72,0,1,0,casablanca,MANAGEMENT_DIRECTION
2079,288,0,1,1,tanger,IT_DEVELOPPEMENT
2000,256,0,1,0,autre,DATA_IA
295,40,0,1,1,casablanca,COMPTABILITE_FINANCE
794,116,0,0,1,casablanca,COMMERCIAL_VENTE
1670,243,0,0,0,autre,DATA_IA
903,129,0,1,0,rabat,COMPTABILITE_FINANCE
1467,203,0,0,1,casablanca,PRODUCTION_INDUSTRIE
244,31,0,0,0,casablanca,DATA_IA
792,109,0,0,1,casablanca,ADMINISTRATIF_SUPPORT
1922,295,0,1,0,tanger,RESSOURCES_HUMAINES
865,124,0,0,1,autre,LOGISTIQUE_TRANSPORT
1079,159,0,1,1,autre,ADMINISTRATIF_SUPPORT
2117,295,0,0,1,agadir,COMMERCIAL_VENTE
495,75,0,1,0,autre,PRODUCTION_INDUSTRIE
460,65,0,1,0,casablanca,COMPTABILITE_FINANCE
629,85,0,0,0,autre,DATA_IA
137,22,0,0,0,rabat,PRODUCTION_INDUSTRIE
356,45,0,1,0,casablanca,PRODUCTION_INDUSTRIE
473,72,0,0,0,casablanca,DATA_IA
1989,306,0,1,0,casablanca,COMMERCIAL_VENTE
2026,271,0,1,1,casablanca,MARKETING_COM
1125,162,0,1,0,autre,PRODUCTION_INDUSTRIE
720,103,0,1,0,rabat,COMPTABILITE_FINANCE
1487,213,0,0,0,casablanca,DATA_IA
206,29,0,0,0,casablanca,ADMINISTRATIF_SUPPORT
489,69,0,0,0,marrakech,DATA_IA
1598,237,0,1,0,casablanca,COMMERCIAL_VENTE
690,101,1,0,0,autre,MARKETING_COM
904,133,0,1,1,tanger,COMPTABILITE_FINANCE
213,35,0,0,0,casablanca,MANAGEMENT_DIRECTION
1053,137,0,0,0,casablanca,ADMINISTRATIF_SUPPORT
1835,266,0,1,1,casablanca,DATA_IA
1249,172,0,0,0,casablanca,DATA_IA
587,90,0,1,0,casablanca,ADMINISTRATIF_SUPPORT
939,124,0,1,1,tanger,DATA_IA
179,26,0,0,0,rabat,DATA_IA
1790,257,0,1,0,rabat,PRODUCTION_INDUSTRIE
350,45,0,0,1,autre,LOGISTIQUE_TRANSPORT
313,43,0,0,0,agadir,DATA_IA
1248,169,0,1,0,autre,PRODUCTION_INDUSTRIE
1438,193,0,1,0,autre,DATA_IA
1119,144,0,1,0,casablanca,DATA_IA
215,31,0,0,1,casablanca,COMMERCIAL_VENTE
1459,194,0,1,1,rabat,MANAGEMENT_DIRECTION
315,49,0,0,0,autre,ADMINISTRATIF_SUPPORT
305,47,0,0,0,casablanca,COMPTABILITE_FINANCE
254,34,0,0,1,casablanca,LOGISTIQUE_TRANSPORT
272,41,0,0,1,casablanca,PRODUCTION_INDUSTRIE
507,69,0,1,0,casablanca,ADMINISTRATIF_SUPPORT
1009,127,0,1,0,autre,DATA_IA
1279,164,0,1,1,autre,DATA_IA
219,39,0,1,0,casablanca,DATA_IA
2133,274,0,1,1,autre,MANAGEMENT_DIRECTION
180,30,0,1,0,tanger,LOGISTIQUE_TRANSPORT
1696,234,0,1,0,casablanca,COMMERCIAL_VENTE
1040,152,0,1,1,casablanca,DATA_IA
482,69,0,1,1,casablanca,DATA_IA
1326,173,0,1,0,casablanca,ADMINISTRATIF_SUPPORT
1063,159,0,0,0,casablanca,DATA_IA
745,103,0,0,1,casablanca,MANAGEMENT_DIRECTION
1392,189,0,0,1,casablanca,DATA_IA
623,79,0,1,0,casablanca,PRODUCTION_INDUSTRIE
2119,315,0,0,0,autre,MANAGEMENT_DIRECTION
664,94,0,0,0,agadir,COMMERCIAL_VENTE
1736,232,0,1,0,casablanca,MANAGEMENT_DIRECTION
230,36,0,0,0,marrakech,MANAGEMENT_DIRECTION
630,93,0,1,1,rabat,MARKETING_COM
1047,134,0,1,0,autre,PRODUCTION_INDUSTRIE
1025,154,0,1,1,rabat,PRODUCTION_INDUSTRIE
579,85,0,1,1,rabat,DATA_IA
1378,190,0,0,0,autre,COMMERCIAL_VENTE
343,43,0,0,1,casablanca,PRODUCTION_INDUSTRIE
189,26,0,1,0,casablanca,DATA_IA
584,85,0,1,0,casablanca,DATA_IA
413,55,0,1,0,casablanca,PRODUCTION_INDUSTRIE
2059,260,0,1,1,casablanca,DATA_IA
173,26,0,0,0,casablanca,DATA_IA
647,97,0,0,0,autre,COMMERCIAL_VENTE
425,63,0,0,1,autre,PRODUCTION_INDUSTRIE
394,63,0,1,1,rabat,COMPTABILITE_FINANCE
332,48,0,0,0,autre,COMPTABILITE_FINANCE
820,121,0,0,0,tanger,COMMERCIAL_VENTE
532,69,0,0,0,marrakech,MANAGEMENT_DIRECTION
203,30,0,0,0,casablanca,DATA_IA
675,90,0,0,0,casablanca,DATA_IA
262,39,0,0,0,casablanca,DATA_IA
700,89,0,1,0,casablanca,DATA_IA
197,30,0,0,0,casablanca,PRODUCTION_INDUSTRIE
979,136,0,1,0,rabat,DATA_IA
1535,220,0,1,0,casablanca,MANAGEMENT_DIRECTION
242,36,0,0,0,marrakech,MANAGEMENT_DIRECTION
1101,143,0,1,1,casablanca,ADMINISTRATIF_SUPPORT
401,56,0,0,0,marrakech,DATA_IA
1428,189,0,1,1,casablanca,DATA_IA
1071,138,0,0,1,casablanca,COMMERCIAL_VENTE
1216,178,0,1,0,autre,COMMERCIAL_VENTE
255,35,0,1,0,casablanca,MANAGEMENT_DIRECTION
889,116,0,0,1,autre,ADMINISTRATIF_SUPPORT
798,113,0,0,1,autre,PRODUCTION_INDUSTRIE
773,115,0,0,0,autre,COMMERCIAL_VENTE
996,142,0,0,1,autre,PRODUCTION_INDUSTRIE
653,93,0,0,1,autre,COMMERCIAL_VENTE
463,70,0,1,1,casablanca,PRODUCTION_INDUSTRIE
857,110,0,1,0,casablanca,PRODUCTION_INDUSTRIE
320,52,0,0,0,marrakech,PRODUCTION_INDUSTRIE
1382,189,0,0,1,casablanca,DATA_IA
841,119,0,0,0,autre,IT_DEVELOPPEMENT
618,92,0,1,0,casablanca,ADMINISTRATIF_SUPPORT
469,57,0,0,0,casablanca,ADMINISTRATIF_SUPPORT
488,64,0,0,1,casablanca,ADMINISTRATIF_SUPPORT
1400,200,0,1,0,casablanca,PRODUCTION_INDUSTRIE
820,121,0,0,0,autre,COMMERCIAL_VENTE
2051,288,0,1,0,casablanca,PRODUCTION_INDUSTRIE
343,49,0,1,0,casablanca,ADMINISTRATIF_SUPPORT
819,121,0,0,0,casablanca,COMMERCIAL_VENTE
820,121,0,0,0,marrakech,COMMERCIAL_VENTE
1924,264,0,0,1,casablanca,COMMERCIAL_VENTE
1042,141,0,1,1,autre,PRODUCTION_INDUSTRIE
1127,137,0,1,0,casablanca,MARKETING_COM
620,79,0,0,0,casablanca,ADMINISTRATIF_SUPPORT
2074,291,0,1,1,casablanca,MANAGEMENT_DIRECTION
1146,165,0,1,0,autre,PRODUCTION_INDUSTRIE
1323,183,0,0,0,autre,ADMINISTRATIF_SUPPORT
1117,151,0,1,1,autre,COMMERCIAL_VENTE
979,143,0,0,1,casablanca,COMMERCIAL_VENTE
1144,151,0,0,1,tanger,IT_DEVELOPPEMENT
498,65,0,0,1,casablanca,DATA_IA
309,45,0,0,0,tanger,LOGISTIQUE_TRANSPORT
704,91,0,0,0,autre,DATA_IA
1123,162,0,1,0,autre,DATA_IA
415,64,0,0,0,casablanca,DATA_IA
414,64,0,0,0,marrakech,DATA_IA
411,64,0,0,0,tanger,DATA_IA
342,56,0,1,0,autre,LOGISTIQUE_TRANSPORT
336,55,0,1,0,autre,LOGISTIQUE_TRANSPORT
941,132,0,1,1,casablanca,IT_DEVELOPPEMENT
260,39,0,1,0,autre,DATA_IA
823,121,0,1,0,casablanca,COMMERCIAL_VENTE
820,121,0,0,0,autre,COMMERCIAL_VENTE
198,29,0,0,0,casablanca,DATA_IA
291,41,0,0,0,casablanca,DATA_IA
756,116,0,0,0,casablanca,DATA_IA
1706,230,0,1,0,autre,DATA_IA
1039,140,0,1,0,casablanca,RESSOURCES_HUMAINES
415,59,0,0,0,casablanca,DATA_IA
1368,192,0,1,0,casablanca,IT_DEVELOPPEMENT
372,53,0,0,1,casablanca,PRODUCTION_INDUSTRIE
331,47,0,0,1,casablanca,COMPTABILITE_FINANCE
518,77,0,1,0,casablanca,COMMERCIAL_VENTE
193,29,0,1,0,rabat,DATA_IA
309,45,0,0,0,tanger,LOGISTIQUE_TRANSPORT
146,23,0,0,0,rabat,PRODUCTION_INDUSTRIE
1523,214,0,1,0,rabat,INGENIERIE
455,67,0,0,0,casablanca,PRODUCTION_INDUSTRIE
1129,154,0,0,1,casablanca,LOGISTIQUE_TRANSPORT
642,85,0,1,1,casablanca,ADMINISTRATIF_SUPPORT
1254,174,0,1,0,casablanca,DATA_IA
1257,164,0,1,0,casablanca,DATA_IA
636,87,0,0,1,casablanca,IT_DEVELOPPEMENT
704,91,0,0,0,autre,DATA_IA
872,116,0,0,1,casablanca,MARKETING_COM
1123,162,0,1,0,autre,DATA_IA
1392,196,0,1,0,casablanca,COMMERCIAL_VENTE
571,84,0,0,0,agadir,DATA_IA
681,99,0,1,0,casablanca,MANAGEMENT_DIRECTION
623,92,0,0,0,marrakech,DATA_IA
622,90,0,1,0,casablanca,DATA_IA
1069,157,0,1,0,casablanca,DATA_IA
545,76,0,1,0,casablanca,DATA_IA
700,107,0,1,0,autre,PRODUCTION_INDUSTRIE
613,90,0,0,0,casablanca,DATA_IA
589,88,0,0,0,casablanca,DATA_IA
1108,153,0,1,0,rabat,COMPTABILITE_FINANCE
537,73,0,0,0,casablanca,ADMINISTRATIF_SUPPORT
488,75,0,0,1,casablanca,DATA_IA
411,64,0,0,0,tanger,DATA_IA
414,64,0,0,0,marrakech,DATA_IA
1215,169,0,0,1,casablanca,MANAGEMENT_DIRECTION
771,110,0,0,0,casablanca,PRODUCTION_INDUSTRIE
1156,156,0,1,0,casablanca,MANAGEMENT_DIRECTION
1075,152,0,0,0,marrakech,ADMINISTRATIF_SUPPORT
849,106,0,0,1,casablanca,DATA_IA
2090,292,0,1,0,autre,DATA_IA
2026,301,0,1,0,casablanca,COMPTABILITE_FINANCE
242,35,0,0,0,marrakech,ADMINISTRATIF_SUPPORT
457,59,0,1,0,autre,IT_DEVELOPPEMENT
820,121,0,0,0,autre,COMMERCIAL_VENTE
277,41,0,0,0,casablanca,DATA_IA
861,125,0,1,0,casablanca,DATA_IA
2046,288,0,0,0,casablanca,LOGISTIQUE_TRANSPORT
371,52,0,1,0,casablanca,PRODUCTION_INDUSTRIE
869,125,0,0,1,autre,LOGISTIQUE_TRANSPORT
1306,174,0,1,1,autre,MANAGEMENT_DIRECTION
1682,231,0,0,0,casablanca,ADMINISTRATIF_SUPPORT
1010,130,0,1,1,casablanca,COMPTABILITE_FINANCE
580,75,0,0,1,casablanca,DATA_IA
433,65,0,0,0,casablanca,COMMERCIAL_VENTE
621,92,0,0,0,agadir,DATA_IA
785,109,0,1,1,casablanca,DATA_IA
557,84,0,1,0,agadir,DATA_IA
749,107,0,0,1,casablanca,DATA_IA
825,122,0,0,0,autre,COMMERCIAL_VENTE
1084,153,0,1,0,autre,DATA_IA
781,108,0,0,1,rabat,ADMINISTRATIF_SUPPORT
1417,192,0,1,1,casablanca,IT_DEVELOPPEMENT
1575,221,0,1,1,casablanca,DATA_IA
378,57,0,0,1,casablanca,DATA_IA
432,63,0,0,0,autre,LOGISTIQUE_TRANSPORT
1788,227,0,1,1,casablanca,MANAGEMENT_DIRECTION
545,79,0,1,1,autre,RESSOURCES_HUMAINES
476,72,0,1,0,casablanca,MARKETING_COM
1020,143,0,1,0,autre,COMMERCIAL_VENTE
255,40,0,1,0,autre,PRODUCTION_INDUSTRIE
280,39,0,0,0,tanger,ADMINISTRATIF_SUPPORT
714,91,0,0,1,casablanca,PRODUCTION_INDUSTRIE
497,48,0,0,0,casablanca,PRODUCTION_INDUSTRIE
1173,163,0,1,0,casablanca,RESSOURCES_HUMAINES
586,79,0,0,1,casablanca,MANAGEMENT_DIRECTION
1118,160,0,0,1,casablanca,PRODUCTION_INDUSTRIE
423,57,0,1,0,casablanca,PRODUCTION_INDUSTRIE
138,19,0,0,1,autre,LOGISTIQUE_TRANSPORT
946,128,0,0,1,autre,IT_DEVELOPPEMENT
356,50,0,0,1,autre,LOGISTIQUE_TRANSPORT
1729,229,0,0,0,casablanca,COMMERCIAL_VENTE
1729,229,0,0,0,tanger,COMMERCIAL_VENTE
1478,211,0,1,0,casablanca,COMPTABILITE_FINANCE
197,30,0,1,0,tanger,DATA_IA
1175,172,0,0,1,casablanca,IT_DEVELOPPEMENT
1285,171,0,1,0,casablanca,DATA_IA
309,45,0,0,0,autre,LOGISTIQUE_TRANSPORT
1129,154,0,0,1,casablanca,LOGISTIQUE_TRANSPORT
1144,159,0,1,1,casablanca,DATA_IA
459,69,0,0,1,agadir,MANAGEMENT_DIRECTION
442,62,0,0,1,agadir,MANAGEMENT_DIRECTION
704,91,0,0,0,casablanca,DATA_IA
1209,155,0,1,1,casablanca,COMPTABILITE_FINANCE
1025,151,0,1,1,marrakech,PRODUCTION_INDUSTRIE
1123,162,0,1,0,autre,DATA_IA
497,74,0,1,0,autre,RESSOURCES_HUMAINES
681,99,0,1,0,casablanca,DATA_IA
624,92,0,0,0,casablanca,DATA_IA
486,76,0,0,0,casablanca,LOGISTIQUE_TRANSPORT
559,78,0,1,1,casablanca,PRODUCTION_INDUSTRIE
549,75,0,0,0,casablanca,PRODUCTION_INDUSTRIE
236,38,0,0,0,casablanca,COMPTABILITE_FINANCE
925,129,0,1,0,casablanca,ADMINISTRATIF_SUPPORT
294,38,0,1,1,casablanca,DATA_IA
966,149,0,1,0,casablanca,DATA_IA
475,69,0,1,0,casablanca,ADMINISTRATIF_SUPPORT
518,77,0,1,0,casablanca,COMMERCIAL_VENTE
1115,144,0,0,1,casablanca,MANAGEMENT_DIRECTION
1388,192,0,0,0,casablanca,DATA_IA
1088,150,0,1,0,casablanca,COMMERCIAL_VENTE
979,133,0,1,1,casablanca,RESSOURCES_HUMAINES
1276,175,0,1,0,tanger,COMMERCIAL_VENTE
493,70,0,1,0,tanger,DATA_IA
820,121,0,0,0,autre,COMMERCIAL_VENTE
237,38,0,1,0,casablanca,DATA_IA
1810,235,0,1,0,autre,IT_DEVELOPPEMENT
848,111,0,1,1,autre,PRODUCTION_INDUSTRIE
223,37,0,0,0,casablanca,LOGISTIQUE_TRANSPORT
183,30,0,0,0,casablanca,LOGISTIQUE_TRANSPORT
802,110,0,1,1,autre,PRODUCTION_INDUSTRIE
381,62,0,1,0,autre,ADMINISTRATIF_SUPPORT
1328,183,0,0,1,tanger,DATA_IA
976,126,0,0,1,casablanca,COMMERCIAL_VENTE
892,118,0,0,1,casablanca,ADMINISTRATIF_SUPPORT
710,105,0,1,0,casablanca,DATA_IA
1302,175,0,0,1,casablanca,DATA_IA
1233,171,0,1,0,casablanca,PRODUCTION_INDUSTRIE
238,36,0,0,0,marrakech,DATA_IA
917,137,0,1,0,casablanca,IT_DEVELOPPEMENT
1229,173,0,1,0,autre,IT_DEVELOPPEMENT
264,37,0,0,0,rabat,DATA_IA
242,38,0,0,0,autre,COMMERCIAL_VENTE
836,113,0,0,0,autre,MARKETING_COM
368,54,0,0,1,autre,LOGISTIQUE_TRANSPORT
888,136,0,0,0,casablanca,PRODUCTION_INDUSTRIE
234,36,0,0,0,casablanca,MANAGEMENT_DIRECTION
192,30,0,0,0,autre,PRODUCTION_INDUSTRIE
681,96,0,1,0,marrakech,PRODUCTION_INDUSTRIE
900,116,0,1,0,casablanca,ADMINISTRATIF_SUPPORT
700,103,0,1,0,autre,COMPTABILITE_FINANCE
456,58,0,0,0,casablanca,IT_DEVELOPPEMENT
658,99,0,0,0,autre,COMMERCIAL_VENTE
248,36,0,1,0,rabat,DATA_IA
1222,179,0,0,1,casablanca,COMMERCIAL_VENTE
1052,147,0,0,1,autre,MANAGEMENT_DIRECTION
653,87,0,0,0,casablanca,DATA_IA
275,43,0,0,0,casablanca,PRODUCTION_INDUSTRIE
541,76,0,0,0,tanger,DATA_IA
701,102,0,1,0,casablanca,COMMERCIAL_VENTE
896,124,0,1,0,casablanca,DATA_IA
999,143,0,0,1,rabat,IT_DEVELOPPEMENT
747,105,0,0,0,rabat,DATA_IA
747,105,0,0,0,casablanca,DATA_IA
415,64,0,0,0,casablanca,DATA_IA
624,88,0,1,0,autre,DATA_IA
1155,144,0,1,1,autre,IT_DEVELOPPEMENT
1077,154,0,1,0,casablanca,DATA_IA
991,141,0,1,0,casablanca,COMPTABILITE_FINANCE
1007,139,0,1,1,casablanca,IT_DEVELOPPEMENT
824,122,0,0,0,marrakech,DATA_IA
1701,226,0,1,1,casablanca,IT_DEVELOPPEMENT
371,53,0,0,1,casablanca,PRODUCTION_INDUSTRIE
1144,151,0,0,1,tanger,IT_DEVELOPPEMENT
309,45,0,0,0,tanger,LOGISTIQUE_TRANSPORT
373,52,0,0,1,casablanca,DATA_IA
354,54,0,1,0,casablanca,IT_DEVELOPPEMENT
1268,173,0,0,0,marrakech,IT_DEVELOPPEMENT
2088,304,0,1,0,casablanca,DATA_IA
911,130,0,1,1,casablanca,MANAGEMENT_DIRECTION
513,68,0,1,0,autre,DATA_IA
1123,162,0,1,0,autre,DATA_IA
1209,155,0,1,1,autre,COMPTABILITE_FINANCE
1199,165,0,0,1,rabat,COMMERCIAL_VENTE
317,48,0,0,0,casablanca,PRODUCTION_INDUSTRIE
930,135,0,1,0,casablanca,DATA_IA
182,28,0,0,0,autre,PRODUCTION_INDUSTRIE
403,59,0,1,1,casablanca,DATA_IA
313,45,0,0,0,agadir,MANAGEMENT_DIRECTION
326,48,0,0,0,agadir,RESSOURCES_HUMAINES
336,44,0,0,1,agadir,COMPTABILITE_FINANCE
1645,238,0,0,0,autre,DATA_IA
2068,284,0,1,0,autre,PRODUCTION_INDUSTRIE
1622,228,0,1,0,autre,PRODUCTION_INDUSTRIE
1901,254,0,1,0,autre,PRODUCTION_INDUSTRIE
1952,256,0,1,0,autre,DATA_IA
1240,172,0,1,1,casablanca,COMPTABILITE_FINANCE
1278,200,0,1,0,casablanca,RESSOURCES_HUMAINES
871,123,0,0,0,casablanca,RESSOURCES_HUMAINES
221,34,0,0,0,marrakech,PRODUCTION_INDUSTRIE
208,30,0,0,0,marrakech,ADMINISTRATIF_SUPPORT
251,37,0,0,0,marrakech,RESSOURCES_HUMAINES
234,32,0,0,0,autre,ADMINISTRATIF_SUPPORT
667,98,0,0,0,autre,LOGISTIQUE_TRANSPORT
201,27,0,0,0,casablanca,LOGISTIQUE_TRANSPORT
1300,174,0,1,0,casablanca,LOGISTIQUE_TRANSPORT
251,34,0,0,0,casablanca,PRODUCTION_INDUSTRIE
911,130,0,1,1,marrakech,MANAGEMENT_DIRECTION
228,34,0,0,1,casablanca,COMPTABILITE_FINANCE
141,21,0,0,0,marrakech,MANAGEMENT_DIRECTION
1255,179,0,1,0,rabat,DATA_IA
829,128,0,1,1,casablanca,IT_DEVELOPPEMENT
1481,215,0,1,0,casablanca,DATA_IA
1128,166,0,0,0,autre,COMMERCIAL_VENTE
1422,200,0,1,0,casablanca,IT_DEVELOPPEMENT
1200,176,0,1,0,casablanca,DATA_IA
1276,186,0,0,1,casablanca,COMMERCIAL_VENTE
948,145,0,0,1,autre,COMMERCIAL_VENTE
872,116,0,0,0,casablanca,DATA_IA
658,99,0,0,0,autre,COMMERCIAL_VENTE
849,124,0,1,0,casablanca,DATA_IA
1252,175,0,1,0,autre,PRODUCTION_INDUSTRIE
1264,187,0,1,0,rabat,ADMINISTRATIF_SUPPORT
1500,233,0,1,0,casablanca,LOGISTIQUE_TRANSPORT
911,130,0,1,1,agadir,MANAGEMENT_DIRECTION
448,64,0,1,1,autre,PRODUCTION_INDUSTRIE
518,77,0,1,0,casablanca,COMMERCIAL_VENTE
1249,171,0,0,0,casablanca,MARKETING_COM
626,90,0,0,1,casablanca,IT_DEVELOPPEMENT
749,103,0,1,0,casablanca,MANAGEMENT_DIRECTION
1008,143,0,0,0,casablanca,PRODUCTION_INDUSTRIE
621,92,0,0,0,autre,DATA_IA
415,64,0,0,0,casablanca,DATA_IA
211,31,0,0,0,autre,LOGISTIQUE_TRANSPORT
711,93,0,0,1,autre,DATA_IA
711,96,0,0,0,autre,DATA_IA
190,29,0,0,0,autre,MARKETING_COM
703,92,0,0,0,casablanca,LOGISTIQUE_TRANSPORT
706,87,0,0,0,agadir,IT_DEVELOPPEMENT
459,63,0,0,0,autre,MANAGEMENT_DIRECTION
563,71,0,1,0,casablanca,PRODUCTION_INDUSTRIE
717,96,0,0,0,autre,PRODUCTION_INDUSTRIE
492,76,0,0,0,autre,IT_DEVELOPPEMENT
724,91,0,0,0,autre,DATA_IA
730,94,0,0,1,autre,DATA_IA
705,87,0,1,0,casablanca,MARKETING_COM
291,37,0,0,0,autre,IT_DEVELOPPEMENT
493,75,0,0,0,tanger,PRODUCTION_INDUSTRIE
697,94,0,1,0,casablanca,MANAGEMENT_DIRECTION
729,101,0,1,0,casablanca,DATA_IA
488,61,0,0,1,casablanca,PRODUCTION_INDUSTRIE
700,102,0,0,1,autre,MANAGEMENT_DIRECTION
560,74,0,0,0,autre,PRODUCTION_INDUSTRIE
271,37,0,0,0,casablanca,PRODUCTION_INDUSTRIE
415,53,0,1,0,casablanca,DATA_IA
747,106,0,0,0,casablanca,MANAGEMENT_DIRECTION
715,91,0,0,1,marrakech,COMMERCIAL_VENTE
716,89,0,0,0,casablanca,COMMERCIAL_VENTE
572,78,0,0,0,casablanca,ADMINISTRATIF_SUPPORT
703,100,0,0,0,casablanca,DATA_IA
720,98,0,0,0,casablanca,MARKETING_COM
672,90,0,0,0,casablanca,DATA_IA
636,99,0,0,0,casablanca,MANAGEMENT_DIRECTION
732,97,0,0,0,casablanca,MANAGEMENT_DIRECTION
733,109,0,0,0,casablanca,MARKETING_COM
567,82,0,0,0,casablanca,PRODUCTION_INDUSTRIE
742,109,0,0,0,autre,DATA_IA
520,68,0,0,0,rabat,COMPTABILITE_FINANCE
430,60,0,0,0,autre,DATA_IA
716,111,0,0,0,autre,MANAGEMENT_DIRECTION
716,111,0,0,0,autre,MANAGEMENT_DIRECTION
716,111,0,0,0,autre,MANAGEMENT_DIRECTION
716,111,0,0,0,autre,MANAGEMENT_DIRECTION
716,111,0,0,0,autre,MANAGEMENT_DIRECTION
716,111,0,0,0,autre,MANAGEMENT_DIRECTION
716,111,0,0,0,autre,MANAGEMENT_DIRECTION
716,111,0,0,0,autre,MANAGEMENT_DIRECTION
716,111,0,0,0,autre,MANAGEMENT_DIRECTION
716,111,0,0,0,autre,MANAGEMENT_DIRECTION
716,111,0,0,0,autre,MANAGEMENT_DIRECTION
727,101,0,0,1,agadir,COMMERCIAL_VENTE
358,47,0,0,0,autre,MARKETING_COM
430,63,0,0,0,rabat,PRODUCTION_INDUSTRIE
324,41,0,1,0,casablanca,INGENIERIE
668,89,0,0,0,rabat,PRODUCTION_INDUSTRIE
656,98,0,1,0,autre,PRODUCTION_INDUSTRIE
545,79,0,0,0,rabat,DATA_IA
189,29,0,0,0,casablanca,LOGISTIQUE_TRANSPORT
707,94,0,0,1,casablanca,DATA_IA
352,52,0,0,1,autre,COMPTABILITE_FINANCE
78,12,0,0,0,autre,DATA_IA
735,101,0,0,0,rabat,DATA_IA
627,78,0,0,0,autre,ADMINISTRATIF_SUPPORT
385,51,0,0,0,casablanca,PRODUCTION_INDUSTRIE
200,33,0,0,1,autre,DATA_IA
710,96,0,1,0,rabat,IT_DEVELOPPEMENT
689,96,0,0,0,autre,MANAGEMENT_DIRECTION
725,100,0,0,0,autre,MANAGEMENT_DIRECTION
724,93,0,0,0,rabat,DATA_IA
512,69,0,0,0,rabat,ADMINISTRATIF_SUPPORT
726,100,0,0,0,tanger,DATA_IA
706,101,0,0,1,autre,DATA_IA
717,105,0,0,0,autre,DATA_IA
741,106,0,0,0,rabat,PRODUCTION_INDUSTRIE
704,96,0,0,0,casablanca,DATA_IA
420,61,0,1,0,casablanca,INGENIERIE
689,103,0,0,0,autre,COMMERCIAL_VENTE
701,95,0,0,0,autre,COMMERCIAL_VENTE
289,43,0,0,0,autre,DATA_IA
129,21,0,0,0,casablanca,PRODUCTION_INDUSTRIE
580,76,0,0,0,casablanca,PRODUCTION_INDUSTRIE
377,55,0,0,0,rabat,COMMERCIAL_VENTE
362,46,0,0,0,rabat,DATA_IA
682,83,0,0,0,casablanca,DATA_IA
218,31,0,0,0,autre,DATA_IA
702,106,0,0,1,casablanca,MANAGEMENT_DIRECTION
425,61,0,0,0,rabat,DATA_IA
210,32,0,0,0,autre,PRODUCTION_INDUSTRIE
711,97,0,1,0,casablanca,ADMINISTRATIF_SUPPORT
722,92,0,0,0,casablanca,DATA_IA
711,97,0,0,0,tanger,DATA_IA
711,103,0,0,0,casablanca,MANAGEMENT_DIRECTION
714,101,0,0,0,autre,PRODUCTION_INDUSTRIE
689,90,0,0,0,autre,MANAGEMENT_DIRECTION
56,8,0,0,0,casablanca,ADMINISTRATIF_SUPPORT
509,63,0,0,0,rabat,ADMINISTRATIF_SUPPORT
652,94,0,0,0,autre,DATA_IA
614,85,0,0,0,casablanca,IT_DEVELOPPEMENT
635,84,0,0,0,casablanca,PRODUCTION_INDUSTRIE
664,93,0,0,0,casablanca,MANAGEMENT_DIRECTION
480,67,0,0,0,casablanca,MANAGEMENT_DIRECTION
710,89,0,0,0,casablanca,LOGISTIQUE_TRANSPORT
262,36,0,0,0,casablanca,COMMERCIAL_VENTE
681,96,0,0,0,rabat,PRODUCTION_INDUSTRIE
669,90,0,0,0,rabat,PRODUCTION_INDUSTRIE
722,95,0,0,0,autre,DATA_IA
689,101,0,0,0,rabat,MANAGEMENT_DIRECTION
672,93,0,0,0,rabat,MANAGEMENT_DIRECTION
580,79,0,1,0,casablanca,MANAGEMENT_DIRECTION
481,65,0,0,0,casablanca,MANAGEMENT_DIRECTION
645,91,0,0,0,rabat,MANAGEMENT_DIRECTION
702,100,0,0,0,rabat,MANAGEMENT_DIRECTION
675,93,0,0,0,rabat,MANAGEMENT_DIRECTION
712,97,0,0,0,casablanca,MANAGEMENT_DIRECTION
249,37,0,0,0,casablanca,MANAGEMENT_DIRECTION
473,71,0,0,0,casablanca,MANAGEMENT_DIRECTION
548,77,0,0,0,autre,MANAGEMENT_DIRECTION
692,88,0,1,0,casablanca,COMMERCIAL_VENTE
691,92,0,0,0,casablanca,MARKETING_COM
591,76,0,0,0,casablanca,COMPTABILITE_FINANCE
663,87,0,0,0,rabat,PRODUCTION_INDUSTRIE
710,97,0,0,0,autre,LOGISTIQUE_TRANSPORT
389,60,0,0,0,casablanca,PRODUCTION_INDUSTRIE
228,34,0,0,0,casablanca,COMPTABILITE_FINANCE
580,79,0,0,0,casablanca,PRODUCTION_INDUSTRIE
438,56,0,1,0,casablanca,PRODUCTION_INDUSTRIE
127,22,0,0,0,casablanca,LOGISTIQUE_TRANSPORT
255,35,0,0,0,casablanca,COMPTABILITE_FINANCE
656,95,0,0,0,autre,DATA_IA
129,18,0,0,0,casablanca,ADMINISTRATIF_SUPPORT
712,99,0,0,0,autre,DATA_IA
670,92,0,0,0,autre,PRODUCTION_INDUSTRIE
630,86,0,1,0,autre,PRODUCTION_INDUSTRIE
696,88,0,0,0,casablanca,PRODUCTION_INDUSTRIE
507,64,0,0,1,casablanca,PRODUCTION_INDUSTRIE
640,90,0,0,0,casablanca,PRODUCTION_INDUSTRIE
700,91,0,0,1,casablanca,COMPTABILITE_FINANCE
691,90,0,0,0,casablanca,PRODUCTION_INDUSTRIE
671,100,0,0,0,autre,PRODUCTION_INDUSTRIE
698,101,0,0,0,autre,PRODUCTION_INDUSTRIE
692,91,0,0,0,autre,DATA_IA
694,93,0,0,0,casablanca,PRODUCTION_INDUSTRIE
734,99,0,0,0,casablanca,IT_DEVELOPPEMENT
719,100,0,0,0,casablanca,PRODUCTION_INDUSTRIE
714,95,0,0,0,tanger,PRODUCTION_INDUSTRIE
716,97,0,0,0,agadir,DATA_IA
730,101,0,0,0,autre,PRODUCTION_INDUSTRIE
691,105,0,0,0,marrakech,PRODUCTION_INDUSTRIE
687,91,0,0,0,casablanca,DATA_IA
722,93,0,0,0,autre,DATA_IA
712,97,0,1,0,rabat,IT_DEVELOPPEMENT
685,84,0,0,0,autre,RESSOURCES_HUMAINES
705,84,0,0,0,rabat,DATA_IA
685,90,0,0,0,casablanca,DATA_IA
693,106,0,0,1,casablanca,IT_DEVELOPPEMENT
379,55,0,0,0,casablanca,COMMERCIAL_VENTE
695,95,0,0,0,casablanca,MANAGEMENT_DIRECTION
538,80,0,0,0,casablanca,MANAGEMENT_DIRECTION
688,87,0,0,0,autre,DATA_IA
611,84,0,0,0,autre,DATA_IA
597,90,0,0,0,autre,DATA_IA
581,80,0,0,0,casablanca,PRODUCTION_INDUSTRIE
333,39,0,0,0,tanger,PRODUCTION_INDUSTRIE
68,9,0,0,0,tanger,DATA_IA
198,25,0,0,0,tanger,DATA_IA
380,49,0,0,0,casablanca,COMPTABILITE_FINANCE
729,93,0,0,0,casablanca,COMMERCIAL_VENTE
680,92,0,0,0,casablanca,DATA_IA
707,93,0,0,0,casablanca,MANAGEMENT_DIRECTION
716,89,0,0,0,casablanca,COMMERCIAL_VENTE
587,81,0,0,0,casablanca,ADMINISTRATIF_SUPPORT
348,48,0,0,0,casablanca,LOGISTIQUE_TRANSPORT
724,107,0,0,0,casablanca,COMMERCIAL_VENTE
580,80,0,0,0,casablanca,MANAGEMENT_DIRECTION
495,68,0,0,0,casablanca,MARKETING_COM
513,74,0,0,0,agadir,PRODUCTION_INDUSTRIE
399,47,0,0,0,casablanca,PRODUCTION_INDUSTRIE
574,81,0,0,1,casablanca,DATA_IA
719,97,0,0,0,autre,PRODUCTION_INDUSTRIE
635,82,0,0,0,tanger,MANAGEMENT_DIRECTION
538,73,0,0,0,tanger,MANAGEMENT_DIRECTION
533,78,0,0,0,casablanca,COMPTABILITE_FINANCE
272,39,0,0,0,autre,COMMERCIAL_VENTE
464,63,0,0,0,autre,DATA_IA
70,9,0,1,0,autre,INGENIERIE
54,8,0,0,0,autre,PRODUCTION_INDUSTRIE
58,7,0,0,1,autre,COMPTABILITE_FINANCE
119,18,0,0,0,autre,PRODUCTION_INDUSTRIE
672,90,0,0,0,casablanca,DATA_IA
636,99,0,0,0,casablanca,MANAGEMENT_DIRECTION
732,97,0,0,0,casablanca,MANAGEMENT_DIRECTION
724,100,0,0,0,casablanca,RESSOURCES_HUMAINES
677,99,0,0,0,autre,LOGISTIQUE_TRANSPORT
718,94,0,1,0,casablanca,INGENIERIE
726,100,0,0,0,casablanca,COMMERCIAL_VENTE
459,65,0,0,0,agadir,PRODUCTION_INDUSTRIE
488,74,0,0,0,autre,PRODUCTION_INDUSTRIE
724,107,0,0,0,autre,PRODUCTION_INDUSTRIE
700,94,0,0,0,rabat,DATA_IA
698,97,0,0,0,casablanca,DATA_IA
738,92,0,0,1,rabat,ADMINISTRATIF_SUPPORT
507,64,0,0,1,casablanca,PRODUCTION_INDUSTRIE
708,95,0,0,0,casablanca,ADMINISTRATIF_SUPPORT
662,105,0,0,0,autre,MANAGEMENT_DIRECTION
689,100,0,0,0,casablanca,DATA_IA
711,96,0,0,0,casablanca,LOGISTIQUE_TRANSPORT
620,84,0,0,0,casablanca,PRODUCTION_INDUSTRIE
559,80,0,0,0,casablanca,DATA_IA
273,38,0,0,0,casablanca,DATA_IA
438,63,0,1,0,casablanca,DATA_IA
531,90,0,1,0,autre,MANAGEMENT_DIRECTION
432,59,0,0,0,autre,DATA_IA
627,84,0,0,0,casablanca,ADMINISTRATIF_SUPPORT
704,92,0,0,0,casablanca,DATA_IA
517,67,0,0,0,autre,COMMERCIAL_VENTE
703,104,0,0,0,autre,PRODUCTION_INDUSTRIE
727,99,0,0,0,casablanca,IT_DEVELOPPEMENT
679,91,0,0,0,casablanca,DATA_IA
431,59,0,1,0,casablanca,DATA_IA
734,104,0,0,0,casablanca,MARKETING_COM
720,98,0,0,0,casablanca,MARKETING_COM
678,94,0,0,1,casablanca,DATA_IA
220,29,0,0,0,tanger,PRODUCTION_INDUSTRIE
575,75,0,0,1,casablanca,COMPTABILITE_FINANCE
705,114,0,0,0,casablanca,MANAGEMENT_DIRECTION
724,99,0,1,0,casablanca,DATA_IA
448,59,0,0,0,autre,MANAGEMENT_DIRECTION
702,101,0,0,0,casablanca,DATA_IA
684,94,0,0,0,agadir,ADMINISTRATIF_SUPPORT
68,9,0,0,0,tanger,DATA_IA
190,25,0,0,0,autre,ADMINISTRATIF_SUPPORT
715,100,0,0,0,casablanca,PRODUCTION_INDUSTRIE
634,90,0,0,0,casablanca,COMPTABILITE_FINANCE
334,45,0,0,0,casablanca,PRODUCTION_INDUSTRIE
534,71,0,0,0,casablanca,ADMINISTRATIF_SUPPORT
697,94,0,1,0,casablanca,MANAGEMENT_DIRECTION
586,79,0,0,0,casablanca,ADMINISTRATIF_SUPPORT
582,83,0,0,0,autre,DATA_IA
623,88,0,0,0,autre,MANAGEMENT_DIRECTION
548,80,0,0,0,tanger,MANAGEMENT_DIRECTION
155,23,0,0,0,tanger,COMPTABILITE_FINANCE
241,34,0,0,0,rabat,PRODUCTION_INDUSTRIE
721,102,0,0,0,autre,DATA_IA
314,48,0,0,0,casablanca,DATA_IA
469,72,0,0,0,casablanca,COMMERCIAL_VENTE
719,105,0,0,0,casablanca,DATA_IA
718,97,0,0,0,casablanca,COMMERCIAL_VENTE
663,94,0,0,0,casablanca,COMMERCIAL_VENTE
317,46,0,0,0,tanger,COMMERCIAL_VENTE
538,75,0,0,0,agadir,DATA_IA
595,78,0,1,0,casablanca,PRODUCTION_INDUSTRIE
707,91,0,0,0,autre,DATA_IA
307,40,0,0,0,marrakech,LOGISTIQUE_TRANSPORT
553,76,0,0,0,marrakech,COMMERCIAL_VENTE
675,86,0,0,0,marrakech,DATA_IA
720,97,0,0,0,rabat,DATA_IA
348,48,0,0,0,casablanca,LOGISTIQUE_TRANSPORT
638,92,0,0,0,casablanca,DATA_IA
725,102,0,0,0,agadir,DATA_IA
240,34,0,0,0,casablanca,DATA_IA
730,99,0,0,0,autre,DATA_IA
621,88,0,1,0,casablanca,RESSOURCES_HUMAINES
483,72,0,0,0,casablanca,DATA_IA
329,45,0,1,0,rabat,INGENIERIE
683,92,0,0,0,casablanca,PRODUCTION_INDUSTRIE
703,103,0,0,1,autre,ADMINISTRATIF_SUPPORT
526,82,0,0,0,casablanca,DATA_IA
664,94,0,0,0,casablanca,DATA_IA
530,78,0,0,0,casablanca,MANAGEMENT_DIRECTION
725,105,0,0,1,casablanca,DATA_IA
445,62,0,0,0,casablanca,DATA_IA
728,106,0,0,0,casablanca,PRODUCTION_INDUSTRIE
296,40,0,0,1,casablanca,DATA_IA
711,97,0,0,0,casablanca,DATA_IA
153,23,0,0,1,autre,PRODUCTION_INDUSTRIE
716,100,0,0,0,autre,MANAGEMENT_DIRECTION
705,106,0,0,0,autre,DATA_IA
541,66,0,0,0,casablanca,COMMERCIAL_VENTE
696,102,0,0,0,agadir,DATA_IA
720,92,0,0,0,casablanca,DATA_IA
174,21,0,0,0,casablanca,IT_DEVELOPPEMENT
489,66,0,0,0,autre,PRODUCTION_INDUSTRIE
490,71,0,0,0,casablanca,PRODUCTION_INDUSTRIE
677,92,0,0,0,casablanca,DATA_IA
735,109,0,0,1,autre,MANAGEMENT_DIRECTION
718,97,0,0,0,tanger,COMMERCIAL_VENTE
425,56,0,0,0,autre,ADMINISTRATIF_SUPPORT
753,97,0,0,0,autre,PRODUCTION_INDUSTRIE
729,99,0,0,0,casablanca,LOGISTIQUE_TRANSPORT
737,103,0,0,0,autre,ADMINISTRATIF_SUPPORT
564,73,0,0,0,autre,ADMINISTRATIF_SUPPORT
209,29,0,0,0,marrakech,COMPTABILITE_FINANCE
687,100,0,0,0,casablanca,COMMERCIAL_VENTE
379,53,0,0,0,autre,COMPTABILITE_FINANCE
732,108,0,0,0,autre,DATA_IA
708,102,0,0,0,casablanca,PRODUCTION_INDUSTRIE
717,95,0,0,0,casablanca,PRODUCTION_INDUSTRIE
724,94,0,0,0,casablanca,COMPTABILITE_FINANCE
477,64,0,0,0,casablanca,IT_DEVELOPPEMENT
726,100,0,0,0,casablanca,COMMERCIAL_VENTE
103,16,0,0,1,rabat,ADMINISTRATIF_SUPPORT
602,88,0,0,0,tanger,PRODUCTION_INDUSTRIE
560,77,0,0,0,autre,PRODUCTION_INDUSTRIE
690,95,0,0,1,autre,PRODUCTION_INDUSTRIE
698,94,0,0,0,casablanca,COMMERCIAL_VENTE
659,82,0,0,1,casablanca,ADMINISTRATIF_SUPPORT
634,95,0,0,0,autre,DATA_IA
396,54,0,0,0,casablanca,DATA_IA
704,103,0,0,0,autre,DATA_IA
728,101,0,0,0,rabat,MANAGEMENT_DIRECTION
702,97,0,0,0,casablanca,MANAGEMENT_DIRECTION
728,96,0,0,0,casablanca,RESSOURCES_HUMAINES
741,104,0,0,0,casablanca,MARKETING_COM
330,45,0,0,0,casablanca,PRODUCTION_INDUSTRIE
509,63,0,0,0,rabat,ADMINISTRATIF_SUPPORT
694,95,0,0,0,autre,PRODUCTION_INDUSTRIE
698,82,0,0,0,autre,PRODUCTION_INDUSTRIE
92,15,0,0,0,casablanca,LOGISTIQUE_TRANSPORT
677,101,0,0,0,marrakech,DATA_IA
694,107,0,0,0,autre,ADMINISTRATIF_SUPPORT
696,97,0,0,0,autre,MANAGEMENT_DIRECTION
318,48,0,0,0,casablanca,ADMINISTRATIF_SUPPORT
720,106,0,0,0,autre,PRODUCTION_INDUSTRIE
716,111,0,0,0,casablanca,LOGISTIQUE_TRANSPORT
694,93,0,0,0,casablanca,DATA_IA
660,94,0,0,0,tanger,COMMERCIAL_VENTE
657,94,0,0,0,autre,COMMERCIAL_VENTE
712,100,0,0,0,casablanca,COMMERCIAL_VENTE
723,100,0,0,0,autre,COMMERCIAL_VENTE
478,62,0,0,0,casablanca,DATA_IA
731,93,0,0,0,casablanca,COMMERCIAL_VENTE
692,103,0,0,0,autre,DATA_IA
181,24,0,0,0,tanger,PRODUCTION_INDUSTRIE
549,79,0,0,0,casablanca,DATA_IA
453,67,0,0,0,casablanca,DATA_IA
533,74,0,0,0,autre,MANAGEMENT_DIRECTION
635,91,0,0,0,casablanca,COMPTABILITE_FINANCE
640,85,0,0,0,casablanca,ADMINISTRATIF_SUPPORT
707,101,0,0,0,casablanca,COMMERCIAL_VENTE
678,87,0,0,1,tanger,MARKETING_COM
711,101,0,0,0,rabat,COMMERCIAL_VENTE
709,116,0,0,0,autre,MANAGEMENT_DIRECTION
238,34,0,0,0,casablanca,COMPTABILITE_FINANCE
715,102,0,0,0,casablanca,MARKETING_COM
715,97,0,0,0,casablanca,COMPTABILITE_FINANCE
519,74,0,0,0,casablanca,COMMERCIAL_VENTE
371,55,0,0,0,marrakech,DATA_IA
662,91,0,0,0,autre,PRODUCTION_INDUSTRIE
427,58,0,0,0,autre,MANAGEMENT_DIRECTION
723,95,0,0,0,autre,MANAGEMENT_DIRECTION
720,91,0,0,0,autre,IT_DEVELOPPEMENT
455,68,0,0,0,casablanca,ADMINISTRATIF_SUPPORT
717,95,0,0,0,casablanca,ADMINISTRATIF_SUPPORT
215,32,0,0,0,autre,ADMINISTRATIF_SUPPORT
554,81,0,0,0,casablanca,MARKETING_COM
487,76,0,0,0,casablanca,DATA_IA
651,100,0,0,0,autre,LOGISTIQUE_TRANSPORT
697,94,0,1,0,casablanca,MANAGEMENT_DIRECTION
217,34,0,0,1,autre,PRODUCTION_INDUSTRIE
682,100,0,0,0,autre,MANAGEMENT_DIRECTION
582,86,0,0,0,casablanca,DATA_IA
715,100,0,0,0,autre,DATA_IA
313,43,0,1,0,rabat,INGENIERIE
252,36,0,1,0,rabat,INGENIERIE
340,49,0,1,0,rabat,DATA_IA
417,61,0,0,0,marrakech,PRODUCTION_INDUSTRIE
353,53,0,0,0,rabat,DATA_IA
345,47,0,1,0,rabat,INGENIERIE
241,34,0,0,0,rabat,PRODUCTION_INDUSTRIE
730,102,0,0,0,rabat,PRODUCTION_INDUSTRIE
545,79,0,0,0,rabat,DATA_IA
418,61,0,1,0,tanger,INGENIERIE
692,106,0,0,0,marrakech,DATA_IA
530,68,0,0,0,casablanca,COMPTABILITE_FINANCE
261,35,0,0,0,casablanca,COMPTABILITE_FINANCE
711,102,0,0,0,tanger,COMMERCIAL_VENTE
594,76,0,0,0,rabat,DATA_IA
733,91,0,0,1,rabat,DATA_IA
157,25,0,0,0,casablanca,PRODUCTION_INDUSTRIE
707,90,0,1,0,autre,PRODUCTION_INDUSTRIE
479,69,0,0,0,autre,COMMERCIAL_VENTE
325,51,0,0,1,casablanca,COMPTABILITE_FINANCE
713,97,0,0,0,autre,IT_DEVELOPPEMENT
664,93,0,0,1,casablanca,IT_DEVELOPPEMENT
714,94,0,0,0,casablanca,PRODUCTION_INDUSTRIE
720,101,0,0,1,casablanca,IT_DEVELOPPEMENT
734,102,0,0,0,casablanca,DATA_IA
698,106,0,0,0,marrakech,PRODUCTION_INDUSTRIE
715,109,0,0,0,tanger,ADMINISTRATIF_SUPPORT
363,51,0,1,0,rabat,INGENIERIE
530,78,0,1,0,rabat,PRODUCTION_INDUSTRIE
448,66,0,0,0,casablanca,LOGISTIQUE_TRANSPORT
396,55,0,0,0,casablanca,ADMINISTRATIF_SUPPORT
533,74,0,0,0,autre,MANAGEMENT_DIRECTION
533,74,0,0,0,tanger,MANAGEMENT_DIRECTION
731,96,0,0,0,autre,DATA_IA
744,114,0,1,0,rabat,MARKETING_COM
724,94,0,0,0,rabat,DATA_IA
296,40,0,1,1,casablanca,DATA_IA
242,32,0,0,1,casablanca,ADMINISTRATIF_SUPPORT
715,99,0,0,0,casablanca,MANAGEMENT_DIRECTION
83,12,0,0,0,autre,DATA_IA
715,95,0,0,0,casablanca,COMMERCIAL_VENTE
709,94,0,0,1,casablanca,DATA_IA
713,102,0,0,0,autre,MARKETING_COM
734,103,0,0,0,rabat,COMPTABILITE_FINANCE
721,104,0,0,0,rabat,LOGISTIQUE_TRANSPORT
711,95,0,0,0,marrakech,IT_DEVELOPPEMENT
408,54,0,0,0,autre,MANAGEMENT_DIRECTION
724,96,0,0,0,rabat,ADMINISTRATIF_SUPPORT
707,96,0,0,0,rabat,DATA_IA
712,96,0,0,0,rabat,DATA_IA
703,93,0,0,0,casablanca,COMPTABILITE_FINANCE
730,96,0,1,1,casablanca,IT_DEVELOPPEMENT
688,101,0,0,1,casablanca,IT_DEVELOPPEMENT
708,98,0,0,1,casablanca,PRODUCTION_INDUSTRIE
720,89,0,0,0,autre,DATA_IA
719,96,0,0,0,autre,COMMERCIAL_VENTE
716,94,0,0,0,autre,ADMINISTRATIF_SUPPORT
692,103,0,0,1,marrakech,COMPTABILITE_FINANCE
722,89,0,0,0,casablanca,COMPTABILITE_FINANCE
481,54,0,0,0,casablanca,DATA_IA
686,91,0,1,0,agadir,RESSOURCES_HUMAINES
713,93,0,0,0,casablanca,MARKETING_COM
507,74,0,0,1,casablanca,COMPTABILITE_FINANCE
727,104,0,1,1,casablanca,PRODUCTION_INDUSTRIE
496,65,0,0,0,autre,DATA_IA
128,20,0,0,0,autre,DATA_IA
685,95,0,0,0,agadir,DATA_IA
647,85,0,0,0,autre,IT_DEVELOPPEMENT
696,96,0,0,1,autre,IT_DEVELOPPEMENT
583,84,0,1,1,autre,INGENIERIE
582,80,0,0,0,autre,IT_DEVELOPPEMENT
690,97,0,0,0,autre,IT_DEVELOPPEMENT
687,91,0,0,0,autre,IT_DEVELOPPEMENT
686,100,0,0,0,autre,IT_DEVELOPPEMENT
676,92,0,0,0,autre,IT_DEVELOPPEMENT
693,90,0,1,0,autre,IT_DEVELOPPEMENT
690,95,0,0,0,autre,IT_DEVELOPPEMENT
688,100,0,1,0,autre,IT_DEVELOPPEMENT
687,89,0,0,0,autre,IT_DEVELOPPEMENT
684,94,0,0,0,autre,IT_DEVELOPPEMENT
692,99,0,0,0,autre,IT_DEVELOPPEMENT
681,108,0,0,0,autre,IT_DEVELOPPEMENT
694,99,0,0,0,autre,IT_DEVELOPPEMENT
685,96,0,0,0,autre,IT_DEVELOPPEMENT
686,101,0,0,0,autre,IT_DEVELOPPEMENT
699,101,0,0,0,autre,IT_DEVELOPPEMENT
699,95,0,0,0,autre,DATA_IA
573,80,0,0,1,casablanca,DATA_IA
712,96,0,0,0,casablanca,PRODUCTION_INDUSTRIE
746,102,0,0,1,autre,COMPTABILITE_FINANCE
719,95,0,0,0,casablanca,COMPTABILITE_FINANCE
733,106,0,0,0,autre,DATA_IA
534,75,0,0,0,autre,DATA_IA
665,99,0,0,0,agadir,DATA_IA
572,80,0,0,0,marrakech,MANAGEMENT_DIRECTION
718,97,0,0,0,autre,DATA_IA
721,97,0,0,0,rabat,ADMINISTRATIF_SUPPORT
696,103,0,0,0,autre,LOGISTIQUE_TRANSPORT
696,104,0,0,0,autre,PRODUCTION_INDUSTRIE
715,94,0,0,0,casablanca,ADMINISTRATIF_SUPPORT
544,79,0,0,0,rabat,DATA_IA
693,103,0,0,0,autre,DATA_IA
698,103,0,0,0,marrakech,MANAGEMENT_DIRECTION
711,112,0,0,0,marrakech,MANAGEMENT_DIRECTION
569,80,0,0,0,tanger,MANAGEMENT_DIRECTION
628,92,0,0,0,autre,DATA_IA
704,102,0,0,0,marrakech,MANAGEMENT_DIRECTION
723,108,0,0,0,marrakech,DATA_IA
419,53,0,0,0,agadir,DATA_IA
323,39,0,0,0,agadir,DATA_IA
320,39,0,0,0,agadir,DATA_IA
317,40,0,0,0,agadir,DATA_IA
561,75,0,0,0,autre,DATA_IA
530,68,0,0,0,casablanca,COMPTABILITE_FINANCE
672,94,0,0,0,autre,DATA_IA
712,105,0,0,0,autre,DATA_IA
690,108,0,0,0,autre,IT_DEVELOPPEMENT
713,105,0,0,0,autre,DATA_IA
636,96,0,0,0,autre,DATA_IA
703,97,0,0,0,autre,DATA_IA
719,102,0,0,0,autre,DATA_IA
720,98,0,0,0,autre,DATA_IA
686,93,0,0,0,autre,DATA_IA
567,84,0,0,0,autre,DATA_IA
123,18,0,0,0,agadir,DATA_IA
703,96,0,0,0,autre,DATA_IA
705,100,0,0,0,autre,DATA_IA
707,98,0,0,0,autre,DATA_IA
721,103,0,0,0,autre,COMPTABILITE_FINANCE
694,97,0,0,0,casablanca,COMMERCIAL_VENTE
739,106,0,0,0,tanger,PRODUCTION_INDUSTRIE
319,45,0,0,0,casablanca,MANAGEMENT_DIRECTION
747,106,0,0,0,casablanca,MANAGEMENT_DIRECTION
686,108,0,0,0,casablanca,DATA_IA
377,53,0,0,0,autre,DATA_IA
713,96,0,0,0,casablanca,MANAGEMENT_DIRECTION
412,61,0,0,0,autre,MANAGEMENT_DIRECTION
594,83,0,0,0,autre,PRODUCTION_INDUSTRIE
510,77,0,0,0,casablanca,DATA_IA
363,51,0,1,0,rabat,INGENIERIE
725,92,0,0,0,autre,PRODUCTION_INDUSTRIE
681,94,0,0,0,casablanca,DATA_IA
696,93,0,0,0,casablanca,DATA_IA
705,94,0,0,0,casablanca,ADMINISTRATIF_SUPPORT
728,94,0,0,0,casablanca,PRODUCTION_INDUSTRIE
509,63,0,0,0,rabat,ADMINISTRATIF_SUPPORT
483,71,0,0,0,casablanca,MANAGEMENT_DIRECTION
697,92,0,0,0,agadir,MANAGEMENT_DIRECTION
592,75,0,0,0,marrakech,PRODUCTION_INDUSTRIE
571,87,0,0,0,autre,MANAGEMENT_DIRECTION
